S.No.,Timestamp,id,mturk_id,Age,Gender,Education,Major
1,"2022-08-31 16:01:23",630f386c2d9a18.54833491,c2,18,F,Undergraduate,CS
2,"2022-08-31 16:01:56",630f386c2d9a18.54833491,c1,18,F,Masters,CS
3,"2022-08-31 16:03:19",630f38de589c93.66715079,c2,18,F,Other,"Computer Science"
4,"2022-08-31 16:05:42",630f396b1935f0.42143436,c2,18,F,Other,"Computer Science"
5,"2022-08-31 16:21:09",630f3d076642c8.03059486,c3,18,O,Undergraduate,df
6,"2022-08-31 16:24:03",630f3dbb95b8c6.81274570,Demo,18,F,Intermediate,df
7,"2022-08-31 16:47:59",630f4357cae268.50281255,c2,18,F,Undergraduate,"Computer Science"
8,"2022-09-01 09:28:28",63102dd32b5b81.30867739,Demo,18,M,Intermediate,CS
9,"2022-09-01 09:28:40",63102dd890dc39.23418715,A5LYLHG880ABE,34,M,Masters,Commerce
10,"2022-09-01 09:29:29",63102dfdcb1ec5.83038780,ASL9LVC97FUCZ,32,M,Undergraduate,manager
11,"2022-09-01 09:29:53",63102e03db2999.47025926,A3VHZF85DI6ZJ7,26,M,Undergraduate,MATHEMATICS
12,"2022-09-01 09:31:06",63102debba5c25.43127123,A2UC4H3EHIMWGC,29,F,Undergraduate,b.com
13,"2022-09-01 09:31:19",63102df32ef6e3.78618044,A1THGJ00ESO254,28,M,Undergraduate,tamil
14,"2022-09-01 09:33:45",63102ef8105740.40166745,A3D4CITR1C9L3W,25,F,Masters,"computer science"
15,"2022-09-01 09:36:52",63102fc1c524c7.55739606,AX93I6SR9SXFA,30,M,Undergraduate,"computer science"
16,"2022-09-01 09:37:47",63102fce9c36f1.72962083,A3G4EGFEFXNKCI,30,M,Undergraduate,"COMPUTER ENGINEERING"
17,"2022-09-01 09:41:11",631030b9d13121.86571777,A2UC4H3EHIMWGC,29,F,Undergraduate,b.com
18,"2022-09-01 09:50:31",631032d6bfee28.50394661,AVY23ACQCUC8L,28,M,Undergraduate,"computer science"
19,"2022-09-01 09:52:42",6310336b9822f7.56083556,A2ZB24AEN6N7Y3,30,M,Undergraduate,ACCOUNTANT
20,"2022-09-01 09:57:27",6310346470ed76.23917975,A1THGJ00ESO254,28,F,Undergraduate,tamil
21,"2022-09-01 09:58:03",631034984dd785.53153267,ALYQ3LDA8N6Z5,28,F,Undergraduate,yes
22,"2022-09-01 10:00:59",63103574318080.29533938,A2ZB24AEN6N7Y3,30,M,Undergraduate,ACCOUNTANT
23,"2022-09-01 10:03:11",631035d0606a56.41504161,A2X3QCJK0H18T8,30,F,Undergraduate,ACCOUNTANT
24,"2022-09-01 10:04:55",6310365e6288a7.55479178,A2ZB24AEN6N7Y3,30,M,Undergraduate,ACCOUNTANT
25,"2022-09-01 10:06:47",631036b1a7fb33.98220342,AJ8ORVSVTALUD,28,M,Undergraduate,B.SC
26,"2022-09-01 10:08:13",63103727af3602.55115410,A2ZB24AEN6N7Y3,30,M,Undergraduate,ACCOUNTANT
27,"2022-09-01 10:17:08",6310393f969f73.14403391,A2ZB24AEN6N7Y3,30,M,Undergraduate,ACCOUNTANT
28,"2022-09-01 10:17:49",63103961c9a7a2.48228446,A2X3QCJK0H18T8,30,F,Undergraduate,ACCOUNTANT
29,"2022-09-01 10:22:50",63103a6242a8a6.19930882,A2A9URTFBVNF4U,29,F,Masters,master
30,"2022-09-01 10:27:39",63103b76090c89.38484317,AS6MHZG61O997,28,F,High_School,"In academic, specialization (or "
31,"2022-09-01 10:28:36",63103b65978357.15646808,A2AZUVTO38W7JE,27,M,Undergraduate,"Bachelor of Business Administrat"
32,"2022-09-01 10:29:37",63103b7cbdda77.30404818,A2VBOWCA4Z7ZB6,25,F,Undergraduate,game
33,"2022-09-01 10:33:09",63103c8eb95337.96199122,A303MN1VOKQG5I,28,M,Undergraduate,educator
34,"2022-09-01 10:35:32",63103d60329945.32812506,A1SBFOZG5J97Z1,25,M,Undergraduate,"Computer science"
35,"2022-09-01 10:35:39",63103d76d3dfa0.90050312,A377PON9N4JZEY,25,M,Masters,"computer science"
36,"2022-09-01 10:36:11",63103d67ecbf78.82844726,A3TX7UUGA2KAAB,27,F,Undergraduate,B.E
37,"2022-09-01 10:37:01",63103c914590e7.01004714,A1OZ5JKX17X1W9,25,M,Masters,edcator
38,"2022-09-01 10:37:12",63103de50cec08.79575070,AT5J03NQ99XNP,30,M,Undergraduate,"COMPUTER  ENGINEERING"
39,"2022-09-01 10:38:47",63103d6b2fb0c9.86980940,A36LPIFH0MEX7,28,M,Undergraduate,ENGLISH
40,"2022-09-01 10:45:59",63103fd943abb4.42320948,AAPRQ5DHT6X2R,28,M,Undergraduate,"A specialization is a focused ar"
41,"2022-09-01 10:49:15",63104064165481.34225373,A2UF73T5FVZKMM,18,F,Undergraduate,education
42,"2022-09-01 10:49:30",63104090191c95.05006804,AAPRQ5DHT6X2R,28,M,Undergraduate,"a focused area of study of attac"
43,"2022-09-01 10:51:34",6310413bb98571.69645115,AEOT74WAPK0A4,25,M,Masters,physics
44,"2022-09-01 10:51:35",63103e3b238a41.13827231,A34AL11AXC9KK8,25,F,Masters,educator
45,"2022-09-01 10:52:42",63104179d47101.05908146,A3T82NJB5430IV,28,M,Masters,educator
46,"2022-09-01 10:53:43",631041b13142f5.21422147,A34A8A4MZ1V53Y,30,M,Undergraduate,"COMPUTER ENGINEERING"
47,"2022-09-01 10:56:33",6310415e267c31.78667436,A2VFQ8DS884HLX,25,M,Undergraduate,"Computer science"
48,"2022-09-01 11:01:06",6310437a35bb91.96956441,A80XRGJXN2D22,33,M,Undergraduate,Electronics
49,"2022-09-01 11:02:49",631043d9aae700.43837352,A2IB32CDHE2ZDH,25,M,Masters,"computer science"
50,"2022-09-01 11:07:17",631044ec4a8f45.55552955,A2FID4BYT1X6R6,25,M,Undergraduate,"Computer science"
51,"2022-09-01 11:22:46",6310487c31cf70.74907881,A2ERBSD0VT162I,30,F,Undergraduate,IT
52,"2022-09-01 11:24:15",631048e50a5d63.82581872,A2KH9SC6A8VQXZ,30,M,Undergraduate,ACCOUNTANT
53,"2022-09-01 11:26:41",63104945e4fa83.57951375,A6B8HB98TB1HJ,39,M,Undergraduate,Marketing
54,"2022-09-01 11:33:10",63104a9bc2e512.54151866,A2VPMFF3GFRGYH,55,M,Undergraduate,Commerce.
55,"2022-09-01 11:39:12",63104c435dd424.21660215,A30NB0JBHFT5FC,29,F,Masters,good
56,"2022-09-01 11:56:09",6310504a953190.32241266,A2LZSELECGE94T,28,M,Masters,arts
57,"2022-09-01 11:57:14",631050a4bd0771.35924363,A8WLCSZLNZ8BL,32,M,Masters,Computer
58,"2022-09-01 11:59:39",6310512eeb8bf6.51611636,A3J1WLKKLL52FO,36,M,Masters,ENGLISH
59,"2022-09-01 12:00:30",63105149f3f6c9.09515605,A3VJHYXZ6JW0LD,27,M,Masters,"Finance management"
60,"2022-09-01 12:07:01",631052ec7b6b26.84736591,A1VMWZ4X201V7H,28,M,Undergraduate,Bcom
61,"2022-09-01 12:35:55",631059b56d6c43.79554005,A1G1PUPGA9IB7J,29,M,Masters,good
62,"2022-09-01 12:38:31",63105a1bee7ad1.77044520,A3J5MWXU1NQQ3N,70,M,Undergraduate,"FULL EMPLOYED"
63,"2022-09-01 14:04:21",63106e69e41d11.91015666,A33Z442WJQ8ADC,34,M,Undergraduate,Computer
64,"2022-09-01 19:07:14",6310b5704132b1.08281671,A28LGHBRWOFZOZ,43,F,Masters,COMPUTERS
65,"2022-09-01 19:11:51",6310b680c56968.15053414,APYYV3B1MT2B6,29,F,Masters,ECONOMICS
66,"2022-09-01 19:12:09",6310b6884fb6a8.59363494,A1IOMFFEKCWOIT,32,F,Undergraduate,major
67,"2022-09-01 19:12:15",6310b68cbabda6.26714880,A1V02JOX9YXKF6,30,M,Undergraduate,computer
68,"2022-09-01 19:12:38",6310b66f627871.35716998,A3IM1NBW1G1TCU,35,M,Undergraduate,Major
69,"2022-09-01 19:12:42",6310b6a23a1b04.80795106,A3D0QOV2FWXY6J,35,F,Masters,"Computer science"
70,"2022-09-01 19:13:12",6310b6caca9252.28587826,A3CMDYA9USA3MR,31,M,Undergraduate,computer
71,"2022-09-01 19:14:08",6310b6f4cece23.90500780,A3TUMZ954ORSUC,34,F,Undergraduate,major
72,"2022-09-01 19:14:17",6310b68768ef48.66442609,A3DTPGXKABAFEJ,39,M,Undergraduate,commerce
73,"2022-09-01 19:16:43",6310b6b64f1ba9.75591160,A162REZAM229C4,30,M,Masters,M.A
74,"2022-09-01 19:18:51",6310b7ac0b7f58.44586982,AKK2BPA71TA3M,33,M,Undergraduate,"INFORMATION TECHNOLOGY"
75,"2022-09-01 19:18:56",6310b80f066561.63841044,A3C2PSZEKN8OWD,36,F,Undergraduate,"COMPUTER SCIENCE"
76,"2022-09-01 19:21:13",6310b8002c3b36.85287963,AX2VR7850ON7L,30,M,Undergraduate,computer
77,"2022-09-01 19:56:44",6310c0d1bead62.56747405,A3BT4QRVBGA47H,34,M,Undergraduate,computer
78,"2022-09-01 19:59:23",6310c1a2792107.14968120,AAY0XUI4OLPOK,36,M,Undergraduate,"computer science"
79,"2022-09-01 19:59:28",6310c1a72ceec4.95394728,A30Z35CHHL9GP2,28,M,Masters,COMPUTER
80,"2022-09-01 20:03:06",6310c254576750.84420567,A3EU2ZIKRJTLQD,33,M,Masters,Electronics
81,"2022-09-01 20:05:42",6310c2c1dcc7d0.75990202,ACPML79DT9RN0,64,M,Undergraduate,"mechanical engineering"
82,"2022-09-01 20:08:04",6310c3b4455930.06961650,A2AMYX1J96G2JG,29,M,Undergraduate,IT
83,"2022-09-01 20:08:04",6310c3b4455930.06961650,A2AMYX1J96G2JG,29,M,Undergraduate,IT
84,"2022-09-01 20:11:11",6310c429896267.48382350,A1XA2WZVXTTLOI,25,M,Undergraduate,bank
85,"2022-09-01 20:12:52",6310c4c3b61931.09670732,A3ILUAMA32OJ2B,28,M,Undergraduate,"computer science"
86,"2022-09-01 20:14:02",6310c4e8d26e77.91373817,A1GVMWTOREQGW6,29,M,Masters,ENGLISH
87,"2022-09-01 20:14:53",6310c5124111c7.88976488,A1XOQ5LSXFEUBG,56,M,Intermediate,accounts
88,"2022-09-01 20:21:11",6310c646a128e3.94451966,A1OSJTNI18VOKL,30,M,Undergraduate,arts
89,"2022-09-01 20:22:52",6310c711add5e0.10363669,A3NP91S8GUYYU5,35,M,Masters,none
90,"2022-09-01 20:25:09",6310c7919c9a70.58086342,A1EXUCZLL77DLH,29,M,Undergraduate,"if you are majoring in Biology, "
91,"2022-09-01 20:27:32",6310c83b9ea355.76524663,A161R7U61GXNFC,24,M,Undergraduate,Electronics
92,"2022-09-01 20:31:51",6310c91b43fa97.36306209,A119NKB45VOGE5,31,M,Undergraduate,computer
93,"2022-09-01 20:32:35",6310c928311782.77819398,A397UZ7NAKTL0P,25,M,Undergraduate,business
94,"2022-09-01 20:50:46",6310cdb75a96d5.99582884,ABPVF7XEC88WF,34,M,Undergraduate,physics
95,"2022-09-01 20:56:27",6310cefc41d437.40081661,A1N44OIDSCB1FW,37,M,Masters,"Chemical Engineering"
96,"2022-09-01 20:58:03",6310cf4e6205a0.12588014,A1CJQPIKK52SHS,27,M,Undergraduate,"Computer Science"
97,"2022-09-01 21:00:32",6310cfd7df6181.83572139,A1NRZ7O1TEJB1V,31,F,Undergraduate,civil
98,"2022-09-01 21:14:14",6310d330dc2f19.45788113,A24NDC7JH9LEM1,43,M,Undergraduate,"Science (PCM)"
99,"2022-09-01 21:17:43",6310d3eee0fcc4.25860586,A322PKD0V62M27,33,F,Masters,IT
100,"2022-09-01 21:24:27",6310d588ccd3b4.49300573,ATIGCUKIPNWG0,29,F,Undergraduate,Computers
101,"2022-09-01 21:25:16",6310d56e31b4c0.36853803,AKA8TN8H8DQ6T,30,M,Undergraduate,"computer science"
102,"2022-09-01 21:46:48",6310dad344b0e5.76388829,ATIGCUKIPNWG0,29,F,Undergraduate,Computers
103,"2022-09-01 21:56:44",6310dcdad90625.96783021,A1RG0WRPSK5BAV,34,F,Masters,Electronics
104,"2022-09-01 22:10:25",6310e024d462b1.48531065,AXPAQGAKQP558,33,M,Undergraduate,electronics
105,"2022-09-01 22:12:59",6310e1000ed256.56139463,A1RG0WRPSK5BAV,34,F,Masters,Electronics
106,"2022-09-01 22:24:05",6310e393092324.23392031,A2BLEOO8M534SZ,28,F,Undergraduate,study
107,"2022-09-01 22:27:54",6310e46c4e39a1.83845115,A32D0WU2GPZAW8,28,M,Undergraduate,it
108,"2022-09-02 00:36:07",631102762fbdf7.77671471,A34XI67018IK8,34,F,Undergraduate,Science
109,"2022-09-02 15:00:49",6311cd247ace18.41470439,AZJYLX4T2W3NL,31,M,Undergraduate,B.A
110,"2022-09-02 15:01:07",6311cd427fddc9.38186111,A37NZ5CUEO3RX7,26,M,Undergraduate,electronics
111,"2022-09-02 15:02:47",6311cd7dcfeb33.53316185,AOXZTWX1NLYW5,34,F,Masters,"Computer science"
112,"2022-09-02 15:10:44",6311cf560a4d92.72931235,A2ALMNRVE9FGQ8,38,F,Undergraduate,economics
113,"2022-09-02 15:38:11",6311d5ef1a5582.63936458,A29NA4283YJ26D,35,M,Masters,Mechanical
114,"2022-09-02 15:44:49",6311d78008f8a5.01863606,A37NZ5CUEO3RX7,25,M,Undergraduate,electronics
115,"2022-09-02 16:03:15",6311dbb83f9332.15991703,A8F6JFG0WSELT,26,M,Undergraduate,"IT/Senior Analyst"
116,"2022-09-02 16:08:18",6311dd01dd1f74.53123955,A1ESKJFDQUMBL4,30,F,Undergraduate,science
117,"2022-09-05 12:52:25",6315a3a0a4c9f6.79835780,Demo,18,F,phd,ddddddddd
118,"2022-09-05 16:32:09",6315d71aa46386.94681634,A2AMYX1J96G2JG,28,M,Masters,IT
119,"2022-09-05 16:34:09",6315d7568ee442.77982020,A3EXV3M9E7QB8C,28,M,phd,computer
120,"2022-09-05 16:35:45",6315d7e19e3987.33100733,ABV9SGW3AOCTS,29,F,Masters,COMPUTER
121,"2022-09-05 16:36:11",6315d7ede1d254.65242535,A2LZSELECGE94T,28,M,Masters,arts
122,"2022-09-05 16:36:24",6315d7fca2bb18.06916719,A2AMYX1J96G2JG,29,F,Masters,A2AMYX1J96G2JGA2AMYX1J96G2JG
123,"2022-09-05 16:37:55",6315d8572490b2.22274747,AYMJAMX7Z7YHG,28,M,High_School,computer
124,"2022-09-05 16:40:10",6315d8fe25fb08.44965118,A3IM1NBW1G1TCU,32,M,Masters,MATHS
125,"2022-09-05 16:41:05",6315d9277c87e6.96687831,A2LZSELECGE94T,28,M,Masters,arts
126,"2022-09-05 16:41:26",6315d94bf05fc0.84359476,ABV9SGW3AOCTS,29,F,Masters,COMPUTER
127,"2022-09-05 16:45:59",6315da4ebbc018.11584090,A24NDC7JH9LEM1,43,M,Undergraduate,"Science (PCM)"
128,"2022-09-05 16:46:06",6315da49cfd8c1.85579617,A3F0IB24N4G54T,28,M,Masters,IT
129,"2022-09-05 16:46:15",6315da641228b5.23181715,A1CQDLI6UA2IW4,28,M,Undergraduate,geography
130,"2022-09-05 16:49:51",6315dae5abed24.77571921,A1O4AAQX2KCD3N,25,F,Undergraduate,"I like playing games"
131,"2022-09-05 16:51:56",6315db97694090.57197920,A3DTPGXKABAFEJ,39,M,Undergraduate,commerce
132,"2022-09-05 16:53:43",6315dc082cd947.71605902,A11UOM2LJ69AE7,33,M,Undergraduate,Electronics
133,"2022-09-05 17:02:20",6315de1e2265d4.71743333,A3SLY0SJLJZ0J1,26,M,Undergraduate,COMMERCE
134,"2022-09-05 17:02:31",6315de23653f14.92223783,A16MSUA16BXLX2,28,M,Undergraduate,IT
135,"2022-09-05 17:03:47",6315de66568332.29150323,A1SJ6E71TEWQEQ,31,M,Undergraduate,computerapplication
136,"2022-09-05 17:04:31",6315de915acb22.32622288,A2AZUVTO38W7JE,27,M,Undergraduate,"Bachelor of Business Administrat"
137,"2022-09-05 17:04:55",6315de2b0862c7.31799551,A5MAX0NOL43GK4,35,F,Undergraduate,Civil
138,"2022-09-05 17:05:08",6315dece2e8b64.26039422,A2IKW7I8X54JRP,37,M,Undergraduate,finance
139,"2022-09-05 17:06:42",6315df2cb1a638.64201559,A2X52OGT1GI4SJ,41,F,Masters,philosophy
140,"2022-09-05 17:08:12",6315df6a2e0555.66774350,A28QUR0QYD2WI7,36,F,Masters,"Business Management"
141,"2022-09-05 17:09:17",6315dfbf5b5001.83113467,A1R5B8KT4EIIKB,27,M,Masters,"computer application"
142,"2022-09-05 17:10:24",6315dff9eb98e9.20830070,A1E6E0XZ1BX1AR,28,M,Undergraduate,Electronics
143,"2022-09-05 17:10:29",6315dfbacc20c4.76614871,A1XCZSIB9QLS14,37,M,Masters,"Information technology"
144,"2022-09-05 17:12:04",6315dfe921a597.04002880,A2HHA9EDBXOU7P,59,M,Masters,"Computer science"
145,"2022-09-05 17:14:10",6315e0f53fb823.82498829,A8NFLCEXUSFDM,25,M,Undergraduate,computer
146,"2022-09-05 17:20:37",6315e26b9833a7.35986173,A27C26WX6HWFXX,36,M,Masters,MAJOR
147,"2022-09-05 17:24:00",6315e2ffbe8d08.79527798,A8CQ0JA8T70H6,36,M,Masters,Major
148,"2022-09-05 17:24:06",6315e319cb58a4.81438377,A13XXMDHOULEZ7,43,F,Undergraduate,Economics
149,"2022-09-05 17:27:06",6315e3bc401882.84632972,A1NXBW66PXIKZJ,27,M,Masters,"CS AND I"
150,"2022-09-05 17:31:52",6315e4d2ebd5f9.56328574,A152S7LOEE5B38,38,M,Masters,IT
151,"2022-09-05 17:34:09",6315e565add750.84810130,A3PND2XNVWO4JF,36,M,Masters,MAJOR
152,"2022-09-05 17:34:56",6315e50e90b501.41201884,AI7B82OSX87GD,29,F,phd,Engineer
153,"2022-09-05 17:37:43",6315e6550ab041.95522261,AH1Z4WWBADNYI,36,F,Masters,"COMPUTER OPERATOR"
154,"2022-09-05 17:38:25",6315e6948f8350.78333199,A2U1YK6HXD4NMU,36,M,Masters,MAJOR
155,"2022-09-05 17:40:01",6315e6c5095c66.26018630,A21IUESX5N4ZTS,36,M,Masters,Major
156,"2022-09-05 17:42:53",6315e7949edf91.88583630,A1Y75P7N91HYEB,36,M,Masters,MAJOR
157,"2022-09-05 17:46:40",6315e85fc8cfc9.96838181,A3O5DCGZE1T61D,31,M,Undergraduate,computer
158,"2022-09-05 17:48:56",6315e8e9d56d64.09126265,A11IXNHDZWA9FG,36,F,Masters,MAJOR
159,"2022-09-05 17:50:00",6315e94ae92ec9.18625573,A21F2N8KRUFPSX,41,M,Masters,"Computer Application"
160,"2022-09-05 17:50:34",6315e956b68007.79374431,A1EO1OLOKU8J2H,45,M,Undergraduate,B.Com
161,"2022-09-05 17:51:04",6315e98a3f9e85.11192635,A3HALUPLZ4IKYJ,36,F,Masters,MAJOR
162,"2022-09-05 17:53:03",6315e9ce9e8a42.56960477,A37XBK0XMMAU5L,36,F,phd,Major
163,"2022-09-05 18:12:59",6315eeb3398eb4.02559229,A3HUYVBMP5V5SP,36,F,Masters,Major
164,"2022-09-05 18:15:39",6315ef2c910fa2.61699731,A1PDBRYBFMMFNY,47,M,Undergraduate,ENGINEERING
165,"2022-09-05 18:22:00",6315f0dc3c0fb1.64923265,ABPVF7XEC88WF,34,M,Undergraduate,physics
166,"2022-09-05 18:42:46",6315f5b0a63454.43666238,A1ZZ52XG8JPJI6,35,F,Undergraduate,Major
167,"2022-09-05 19:21:31",6315fe84c1c8b2.92791460,A5LYLHG880ABE,34,M,Masters,none
168,"2022-09-05 19:24:41",6315ff859e5ea8.14888613,A29X1A8AF3TUQP,45,F,Undergraduate,Science
169,"2022-09-05 19:27:43",6316002aa33c83.80909481,A2JXWVGVVZNU4H,33,M,Undergraduate,b.com
170,"2022-09-05 19:49:31",6316054c6dc804.78567116,A1EXUCZLL77DLH,29,M,Undergraduate,IT
171,"2022-09-05 19:54:43",63160678326f37.00688294,A7MD4G0NZCWTK,31,M,Undergraduate,Computer
172,"2022-09-05 20:04:31",63160897e53c79.46965917,A2BLHVLUEZ3RC0,36,M,Masters,MSC
173,"2022-09-05 20:11:11",63160a3e468b25.71367412,A2EO6IBGQEOMLB,37,M,Masters,"Computer Applications"
174,"2022-09-05 23:38:06",63163ab6878a36.86733183,AXVEBBS48RC53,26,F,Undergraduate,COMMERCE
175,"2022-09-05 23:38:54",63163ad742e9a2.81656047,A9ZBEA4T2FNZ3,24,M,Undergraduate,major
176,"2022-09-05 23:39:12",63163b03561174.12484070,A2SD47UV25XSGN,28,F,Undergraduate,"A general specialisation or an a"
177,"2022-09-05 23:54:42",63163e6a43acb9.94063876,AT0BMZVMLTUSZ,34,M,Undergraduate,Engineering
178,"2022-09-06 00:12:19",631642c93949f6.91758166,A48EUSNJ5PQQF,29,M,Undergraduate,IT
179,"2022-09-06 00:14:46",63164288c4c434.19162449,AT0BMZVMLTUSZ,34,M,Undergraduate,Engineering
180,"2022-09-06 00:16:35",631643e90f8f12.99322691,A5SLY0SJLJZ0J1,32,M,Masters,COMMERCE
181,"2022-09-06 00:40:26",6316498246fbc7.52411137,A1XH05IKC77OXO,31,M,Masters,"COMPUTER SCIENCE"
182,"2022-09-06 00:43:38",63164a4873cfa7.07069572,A2BLEOO8M534SZ,28,F,Undergraduate,study
183,"2022-09-06 00:44:56",63164a46be5672.17705962,A9WHHKH0HKTOM,35,M,Masters,Physiotherapy
184,"2022-09-06 00:45:46",63164a95b19b79.47022375,A1DBIB1NOWE9D3,44,M,Masters,"A I"
185,"2022-09-06 00:50:43",63164bd6d97468.15596126,A1MPGNVKJI4ZT6,30,M,Undergraduate,Engineering
186,"2022-09-06 00:58:32",63164dc51b19e1.16054044,ATT0YNUQ0SYVA,30,F,Undergraduate,degree
187,"2022-09-06 01:01:13",63164db01eb045.58436705,A1GUY7ZZF1F92C,35,M,Intermediate,"good Survey"
188,"2022-09-06 01:20:09",6316527bb2db93.53088348,A4806MFWRDL42,48,F,Masters,"Msc mathematics"
189,"2022-09-06 01:49:00",63165859668574.46239445,A386AUYQRP1D1C,31,M,Undergraduate,"Electronics and communication"
190,"2022-09-06 02:04:07",63165cb8430762.82940419,A28TUBRN9GF443,35,M,Undergraduate,driving
191,"2022-09-06 02:11:42",63165ecc180fa3.47042469,A81CP4H24UE8U,33,M,Undergraduate,"Information technology"
192,"2022-09-06 02:30:11",631663098a4865.14297830,ARE3ZYC1D7FTH,39,M,Undergraduate,"Phishing Game"
193,"2022-09-06 02:44:18",6316667ec13419.51701144,A2H90QIP05I3LU,33,M,Masters,"Supply Chain"
194,"2022-09-06 03:02:17",631664699a3a37.02269949,ASWZO1WY1UHEP,35,M,Undergraduate,"Computer Science"
195,"2022-09-06 03:02:17",631664699a3a37.02269949,ASWZO1WY1UHEP,35,M,Undergraduate,"Computer Science"
196,"2022-09-06 03:14:43",63166d501456f7.37095068,A3R9IAM7K6ZHEJ,37,M,Undergraduate,Trading
197,"2022-09-06 16:29:10",631727cf438064.22301863,AGAMNVSHHFN7,39,F,Masters,"computer science"
198,"2022-09-06 16:45:37",63172bb05ffd58.80955435,ALYQ3LDA8N6Z5,26,F,High_School,yes
199,"2022-09-06 16:57:42",63172e5894ce65.63070898,A247U4MD6V0SW7,26,F,Undergraduate,maths
200,"2022-09-06 17:15:46",631732c9914895.73809346,A2COCSUGZV28X,44,M,Masters,"Computer Science"
201,"2022-09-07 15:06:09",631865f650c0f4.62323122,Demo,18,F,Undergraduate,CS
202,"2022-09-07 15:07:44",63186658265085.92557241,dsds,18,M,phd,sds
203,"2022-09-07 17:36:26",63188907ef0f88.33289955,AX2EWYWZM19AZ,44,F,Masters,"computer science"
204,"2022-09-09 14:22:47",631afeca1d4762.53359288,Demo,18,M,Intermediate,rere
205,"2022-09-09 14:45:17",631b03df25a8d1.85213707,A2X2FKU7CR848P,28,M,Undergraduate,IT
206,"2022-09-09 14:45:20",631b03f7461640.47276559,A2KOXR5OXIFUIW,33,M,Undergraduate,Electronics
207,"2022-09-09 14:45:28",631b0412cd8c95.51576538,AHANC1RCYE57G,23,M,Masters,02
208,"2022-09-09 14:49:32",631b045d1dded0.16000396,AHZ08BLAUVT5I,39,F,Masters,NO
209,"2022-09-09 14:51:18",631b054ae8a004.08494604,A6U3JZ7BCJ2PA,29,F,Undergraduate,Engineering
210,"2022-09-09 15:00:03",631b07796110f7.41687830,A1VRV534XUZX49,29,F,Undergraduate,"Bachelor degree"
211,"2022-09-09 15:08:29",631b096b550767.09550146,A1WF1X8PQQJ2OQ,49,M,Undergraduate,economics
212,"2022-09-09 15:08:42",631b0966924b82.92500486,A32T6QSF3V8ULE,40,M,Undergraduate,IT
213,"2022-09-09 15:09:22",631b096ac8d081.35654659,A33SSV2JZEMEF6,25,M,Undergraduate,ENGLISH
214,"2022-09-09 15:12:19",631b09fd76a361.92986312,A3BU7H1917CQMK,34,M,Masters,"MBA HR"
215,"2022-09-09 15:12:28",631b0a64b72c60.39528209,A3DS9DP2JE8I4Z,36,F,Masters,"COMPUTER SCIENCE"
216,"2022-09-09 15:12:49",631b0a43181a20.71789927,A1366LR1S7TYG,39,M,Undergraduate,METALLURGY
217,"2022-09-09 15:12:53",631b0a842f95f0.55154304,A258PTOZ3D2TQR,31,M,Masters,"computer science"
218,"2022-09-09 15:19:16",631b0bf69daf74.68639007,A2X52OGT1GI4SJ,41,F,Masters,philosophy
219,"2022-09-09 15:20:14",631b0c3544e394.51557891,A3KGEDVFYPH8GM,29,M,Masters,IT
220,"2022-09-09 15:21:08",631b0b758a0aa0.62609278,A1SQK4LS1QE7QP,29,F,Masters,"graduation for btec"
221,"2022-09-09 15:21:24",631b0c7768cfb2.17096105,A2URMYFRQM2WHN,35,M,Masters,"COMPUTER SCIENCE"
222,"2022-09-09 15:22:17",631b0c9b7d99a8.17845023,A2ECHY8E6SX7KP,38,F,Masters,economics
223,"2022-09-09 15:23:16",631b0cd3409b24.18164646,A1D9FECXIKCO4O,25,F,Undergraduate,"English Literature"
224,"2022-09-09 15:23:30",631b0ce8436719.43003458,ACU0PDXQD25U7,29,F,Masters,bussiness
225,"2022-09-09 15:24:30",631b0d3a69c277.16931871,A28GL1T0ED56TJ,30,M,Masters,Zoology
226,"2022-09-09 15:25:11",631b0cf484f246.90512766,A3U7RDVJNFHHLZ,25,F,Undergraduate,mathematics
227,"2022-09-09 15:26:38",631b0db125f526.34380055,ALYQ3LDA8N6Z5,27,F,Undergraduate,yes
228,"2022-09-09 15:28:57",631b0dfc024696.91070357,AU0NIFPLX1EIL,34,M,Masters,"Computer Science"
229,"2022-09-09 15:30:05",631b0e63b8f535.56473432,A3KAF6CU2BYVLG,34,F,Undergraduate,"Conputer Science"
230,"2022-09-09 15:30:25",631b0e8b3fe6e3.92857172,A1O4AAQX2KCD3N,25,F,Undergraduate,"computer maths"
231,"2022-09-09 15:30:31",631b0e8c049f75.18623059,AV2L8UC749MM8,21,M,Undergraduate,ECE
232,"2022-09-09 15:31:37",631b0ed950b662.59874839,A114FUPMPRD94G,47,F,Masters,commerce
233,"2022-09-09 15:31:39",631b0ebebaf3d9.07611760,A28KOHY6EZ23GI,32,M,Masters,"computer science"
234,"2022-09-09 15:31:48",631b0ef0e4c878.82970987,A39WFF1WNLNXMY,28,M,Undergraduate,"A specialization is a focused ar"
235,"2022-09-09 15:36:28",631b0fed2673d8.25713642,A2W45RBC6DN8U0,40,M,Undergraduate,MATHEMATICS
236,"2022-09-09 15:37:01",631b0fed2673d8.25713642,A2W45RBC6DN8U0,40,M,Undergraduate,MATHEMATICS
237,"2022-09-09 15:42:57",631b11821b0982.42650600,A2X52OGT1GI4SJ,41,F,Masters,philosophy
238,"2022-09-09 15:44:39",631b11ef1aad57.75743138,A3E48XODJAFLU7,36,M,Masters,"COMPUTER SCIENCE"
239,"2022-09-09 15:48:29",631b12a5435ef0.63312905,A1JVFEIQP6X5H6,33,F,Undergraduate,HRM
240,"2022-09-09 15:48:35",631b12d3cf3a78.11417385,A1O4AAQX2KCD3N,25,F,Undergraduate,COMPUTER
241,"2022-09-09 15:48:40",631b12dc9c9785.67153139,A3U7RDVJNFHHLZ,25,F,Undergraduate,mathematics
242,"2022-09-09 15:49:36",631b130926c479.48342513,A2UFVUTKGCQK8U,32,M,Masters,economic
243,"2022-09-09 15:51:34",631b1364b9b112.16496851,A2VWP05FS8P1A7,32,M,Undergraduate,"Computer Science"
244,"2022-09-09 15:57:23",631b13875be3e0.20344249,A2VNHVYA730F7Z,24,F,Masters,manager
245,"2022-09-09 15:58:08",631b150fcc5387.79910873,A3PG7TBPJZC9UV,30,M,Undergraduate,Finance
246,"2022-09-09 16:05:41",631b16e1e895e3.64570934,A29X1A8AF3TUQP,45,F,Undergraduate,Science
247,"2022-09-09 16:08:27",631b1787f2e7f4.88266381,AVI6K24O38HET,32,M,Undergraduate,Business
248,"2022-09-09 16:08:48",631b177fc16776.13169563,A2R4WDE10RIE95,42,M,Other,D.E.E.E
249,"2022-09-09 16:12:52",631b1834ed9fe4.18238475,AKK2BPA71TA3M,33,M,Undergraduate,history
250,"2022-09-09 16:18:30",631b19e0801229.07898078,A3KGDU1M3VRDKC,36,M,Masters,"COMPUTER SCIENCE"
251,"2022-09-09 16:27:12",631b1bc8b0fba6.93244150,AN8KBVJO4CUDG,25,F,Masters,Commerce
252,"2022-09-09 16:29:36",631b1c7208d586.45768666,A1CJQPIKK52SHS,27,M,Undergraduate,"Computer Science"
253,"2022-09-09 16:48:37",631b20ded85aa4.95142962,A2HX13XTRKDD9C,30,M,Masters,b.sc
254,"2022-09-09 16:50:00",631b21119ee2a4.14803815,A1Q7VWUBIJOK17,34,M,Masters,"Computer Science"
255,"2022-09-09 16:54:02",631b221ff27945.73463999,AAY2XBFX14Q9S,25,M,Undergraduate,I.T
256,"2022-09-09 17:05:39",631b24788fcfa3.35413690,ARQA90W3DRJCB,64,M,Undergraduate,Commerce
257,"2022-09-09 17:06:17",631b250946deb0.04490636,afsfddfgdfgdfgdfgd,32,F,Masters,we
258,"2022-09-09 17:10:42",631b261b92db82.44184931,A2FQYXUQ7F8IKK,45,M,Undergraduate,Pharmacy
259,"2022-09-09 17:12:03",631b264a483a64.16184283,A3HF6URC53LI5Y,25,F,Undergraduate,cse
260,"2022-09-09 17:25:22",631b2964900282.79468174,A37XS6I5TWD9SC,36,M,Masters,major
261,"2022-09-09 17:29:56",631b2a8d8de233.55939932,AM9XH69KBK5X5,25,F,Undergraduate,agriculture
262,"2022-09-09 17:30:06",631b2a95a75168.64411708,A2CQNGJAAPKQPI,22,M,Undergraduate,"Computer Science"
263,"2022-09-09 17:44:49",631b2e210bb064.09499835,A37M4OVE9R80G,29,M,Undergraduate,economics
264,"2022-09-09 17:46:55",631b2e6d0c79f7.94984424,AN5HKWXDZ3Q92,32,M,Masters,it
265,"2022-09-09 17:53:38",631b30175512b7.54332662,AYR7LHHVFNL8D,36,M,Masters,Major
266,"2022-09-09 18:01:20",631b3069c3ab31.85905652,ADEJNGBB7XN2X,36,F,Masters,MAJOR
267,"2022-09-09 18:10:25",631b33fdeb94f7.96323802,AYR7LHHVFNL8D,36,M,Masters,MAJOR
268,"2022-09-09 18:37:53",631b3a9386c4f0.74866940,A24A69YAB0UI36,32,M,Undergraduate,"B.A. english"
269,"2022-09-09 19:21:14",631b44737b01b9.40477674,A14CWOC99IDIA0,36,M,Masters,MAJOR
270,"2022-09-10 23:03:58",631cca6067e782.55229824,A2G1P83H11BOBS,30,M,Undergraduate,Commerce
271,"2022-09-10 23:59:47",631cd7378d9e40.80869501,A1B02C1K5BBG62,54,F,Undergraduate,Zoology
272,"2022-09-11 00:17:57",631cdbbc6fede9.42725475,AVRTMSXV50ZQU,36,F,Undergraduate,science
273,"2022-09-11 00:24:09",631cdd3254d777.63981584,A1P8RN5GDWJNXO,37,F,Masters,"International business"
274,"2022-09-11 00:27:15",631cdd055d0176.34843904,A48EUSNJ5PQQF29,29,M,Undergraduate,IT
275,"2022-09-11 00:27:32",631cdde17e4d82.52702271,AVRTMSXV50ZQU,35,F,Undergraduate,maths
276,"2022-09-11 00:30:46",631cdea72616b3.53613151,A1E0X2EXVPI8NC,32,M,Undergraduate,"Computer Science"
277,"2022-09-11 00:35:39",631cdfd5c436b4.92271583,AIKG5FR44WDF7,24,F,Undergraduate,COMMERCE
278,"2022-09-11 00:39:20",631ce0974b5a26.25253280,AHHJIJPACVLH9,33,F,Undergraduate,"B.E - COMPUTER SCIENCE"
279,"2022-09-11 00:47:45",631ce286a2c476.40078581,A3329OQT52I6TJ,30,M,Undergraduate,bca
280,"2022-09-11 00:56:42",631ce470380827.37874081,AMHZ8D856PO3F,63,M,Undergraduate,"Cost Accounting"
281,"2022-09-11 01:08:15",631ce779da3065.79248880,A3JNQWP0IYZV7N,25,M,Undergraduate,BBA
282,"2022-09-11 01:21:33",631cea8d2c25a9.50206057,A215YO3EZIYR2C,32,F,Masters,ECE
283,"2022-09-11 01:50:48",631cf157f37543.08508882,A2N8SNKVU4M1MB,40,M,Undergraduate,Bcom
284,"2022-09-11 02:32:00",631cfb011c9264.44202232,A1FSCGOSAVO1A4,24,F,Masters,managwr
285,"2022-09-11 02:51:39",631cffc103df72.44141061,A1GS67XI4JYCWC,27,M,Undergraduate,mechanical
286,"2022-09-11 05:02:22",631d1e65ce2c33.11643158,A22CJQU0EY6SV0,46,M,Masters,"computer science"
287,"2022-09-11 05:28:25",631d24665416f4.55391350,A21G010TCSMZZ8,48,M,Undergraduate,chemistry
288,"2022-09-12 00:37:08",631e31ad3bfe06.99921203,A2OKQWO3E7DFWL,33,M,Undergraduate,Commerce
289,"2022-09-12 01:02:15",631e379d4516c2.80900441,A2VNHVYA730F7Z,24,F,Masters,manager
290,"2022-09-12 01:02:15",631e379d6570f0.18891233,na,25,M,Undergraduate,physics
291,"2022-09-12 01:04:20",631e38111c61e4.10232533,AX6JQ37WUHFSH,55,M,Undergraduate,Commerce
292,"2022-09-12 01:12:24",631e39c79ba801.52448595,A2AS7EQIQADLSS,26,M,Masters,"computer science"
293,"2022-09-12 01:23:41",631e3c9a802e59.55621805,A27LX2664E6W8R,25,F,Undergraduate,"English Literature"
294,"2022-09-12 01:24:06",631e3cbcbfb9a0.96172169,A1GHCLE3IY9RSX,37,M,Masters,BA
295,"2022-09-12 01:30:50",631e3e42eef680.78368670,A1XT59Y7H5AOQD,34,F,Masters,"Human resources"
296,"2022-09-12 01:50:09",631e42b46d2a40.49087010,A3OK13TYU0OUUQ,35,M,Masters,"Online work"
297,"2022-09-12 01:58:27",631e4492f25470.60759076,AKXY2ATEM5DC2,46,M,Undergraduate,Computer
298,"2022-09-12 05:02:45",631e6fb8779625.49873025,A2CSOK2QNOGC02,37,F,Undergraduate,"Business organization"
299,"2022-09-12 05:09:48",631e71a0e77c40.36276268,ALSDRA2N9L0TI,35,F,Undergraduate,Business
300,"2022-09-12 05:19:01",631e73c80d4863.39780636,A2Z47D617IO2SD,36,M,Masters,Major
301,"2022-09-12 05:48:40",631e79fec67447.91928169,A2VS8A2RIDGGJC,30,M,Masters,"Accounts / Human Resource"
302,"2022-09-12 05:58:07",631e7c771efdc2.60438000,A3N9ZYQAESNFQH,40,F,Undergraduate,"electronics and communication"
303,"2022-09-12 06:26:51",631e83974ce923.13483871,A10OFK6JCZFXQH,40,F,Masters,Commerce
304,"2022-09-12 06:28:02",631e83f185fe62.62717213,A3B4AD1MVFFBHQ,26,M,Undergraduate,mathematics
305,"2022-09-12 06:39:18",631e866e0dc1d6.70175593,A1LDS7OIWQ150C,25,M,Undergraduate,BE
306,"2022-09-12 06:51:18",631e89447fc228.92676524,ACC67C294M03Q,26,M,Undergraduate,"electrical and electronics"
307,"2022-09-12 06:54:16",631e89cc557fc3.35996029,COPIEDAMKWR51EXOPA4,47,M,High_School,"handicapped person"
308,"2022-09-12 06:55:15",631e8a476bcd44.12140772,A2PIJFGPLITYXW,35,M,High_School,3541
309,"2022-09-12 06:56:58",631e8aa3546412.13027878,AGK30V341UN88,46,M,Undergraduate,Engineering
310,"2022-09-12 07:10:37",631e8df5331581.60435913,A3QZMGTVA4VO44,39,M,Masters,Management
311,"2022-09-12 07:10:46",631e8dbb500161.78768391,A1RSAU5I9NZTOP,55,M,Undergraduate,Commerce
312,"2022-09-12 07:10:54",631e8dfb260cf3.71617599,A3J1WLKKLL52FO,36,M,Masters,ENGLISH
313,"2022-09-12 07:12:33",631e8e6b636497.89682257,A1R8790QRFPOO1,36,M,Masters,MALE
314,"2022-09-12 07:14:07",631e8ec048fbe8.72455255,A36VE0W154IHO7,40,M,Undergraduate,developer
315,"2022-09-12 07:19:35",631e8c649f4238.57485016,A18HC62T1SROBJ,33,M,Undergraduate,ENGINEERING
316,"2022-09-12 07:20:40",631e8f61ea56a6.48806048,A2MTOSH583K270,30,M,Undergraduate,accounts
317,"2022-09-12 07:23:58",631e90c1c67f71.42253417,A2JI7RGC80105T,72,M,Undergraduate,Science
318,"2022-09-12 07:31:27",631e92639934c5.31151021,A48EUSNJ5PQQF,30,M,Undergraduate,accountant
319,"2022-09-12 07:32:34",631e9314160e02.37276794,A374YV9KCIQNCC,26,M,Undergraduate,"Computer science and engineering"
320,"2022-09-12 07:36:33",631e9407c18d47.65873299,A3NI8HMVCT7SOF,38,M,Masters,"Computer Applications."
321,"2022-09-12 07:45:40",631e9607277d23.71310420,ASL76QYDI0QLK,37,M,Masters,geoinnformaticcs
322,"2022-09-12 07:52:39",631e97c32d1e92.65059212,AKLH2YXK5BAUP,40,M,Undergraduate,yes
323,"2022-09-12 07:59:35",631e997ae43ab3.32597792,A3IVXZJS7DQIQQ,40,M,Masters,MBA
324,"2022-09-12 08:02:00",631e99dc91bfd9.37090388,AYSAS2T3FXW40,65,M,Undergraduate,accounts
325,"2022-09-12 08:07:50",631e97a2791012.12351450,A18HC62T1SROBJ,40,M,Masters,ENGINEERING
326,"2022-09-12 08:09:28",631e9bc5e0e640.04782381,A2TOWOPTMZQLGL,40,M,Undergraduate,yes
327,"2022-09-12 08:16:21",631e9d5cdb2869.42874594,ABSVF8UXZK8QW,32,M,Masters,English
328,"2022-09-12 08:18:07",631e9d906fc1b7.63819095,A3QX9ABC1DVMQG,30,M,Undergraduate,accounting
329,"2022-09-12 08:21:17",631e9e3dd1e003.18881475,A30SESDXNRK4OM,30,F,Undergraduate,accountat
330,"2022-09-12 08:24:20",631e9f3a945754.93918261,A3PN5VFZXQD0QH,40,M,Undergraduate,yes
331,"2022-09-12 08:27:22",631e9cb5081596.00862245,A1UZ4EVJ60YL9F,32,F,Undergraduate,"Software engineer"
332,"2022-09-12 08:34:36",631ea16c7ad076.67096484,A2JV84ABG8U9L9,29,M,Undergraduate,"Computer application"
333,"2022-09-12 08:35:07",631ea1b062c191.90557078,A30BJ1TBISFOSL,31,M,Masters,Engineering
334,"2022-09-12 08:38:30",631ea28faba4b5.02672698,A2S834OHCORO1W,30,F,Undergraduate,acctounting
335,"2022-09-12 08:39:40",631ea2bf669df2.90312336,A2KANCG6BVWYRE,32,F,Undergraduate,"Computer software"
336,"2022-09-12 08:42:08",631ea36bc8f9f6.75260843,A1LQG5IS2OMLHC,40,M,Undergraduate,yes
337,"2022-09-12 08:42:15",631ea2a6233ed1.91334481,A1CCE2WY1CC40H,29,M,Undergraduate,"Bachelors in business management"
338,"2022-09-12 09:28:08",631eae07971ac3.56818055,A3LYKC6UUYWBNW,29,M,Intermediate,"your special subject or skill"
339,"2022-09-12 09:35:30",631eafc8072b51.80695614,ATYHIJ0XUYEMQ,36,F,Masters,major
340,"2022-09-12 09:37:30",631eb051277ad7.63070829,A19Q990ORTCBN4,30,M,Undergraduate,"computer science engineering"
341,"2022-09-12 09:52:02",631eb3dd1c6f60.33693966,ghg,18,M,Intermediate,hgh
342,"2022-09-12 10:05:48",631eb703a0f423.52620592,A8B4AE3QMECV,33,M,Masters,science
343,"2022-09-12 10:09:31",631eb7d1bd5663.53305518,A2Z47D617IO2SD,36,M,Masters,Major
344,"2022-09-12 21:11:05",631f52b11b0727.69083795,AKMD12C4O26QI,36,F,Masters,Banking
345,"2022-09-12 21:27:13",631f56aea73c83.13830149,A3VXNASKNI5CEW,55,F,Intermediate,Economics
346,"2022-09-12 21:41:59",631f5a2861a0a6.46600848,A2JFCS2NTRY3BJ,30,M,Masters,commerce
347,"2022-09-12 21:49:49",631f5bd3dea8e8.08130271,AH77Q9E8S5IOP,22,F,Masters,MATHEMATICS
348,"2022-09-12 21:57:42",631f5db3b6f616.42316912,A3OUQHC543W9U5,30,M,Undergraduate,"Information Technology"
349,"2022-09-12 22:08:21",631f603f16b379.54990181,A2JG1NAFYN2PMJ,48,F,Undergraduate,Chemistry
350,"2022-09-12 22:13:50",631f618b70fca4.99491781,AHANC1RCYE57G,27,M,Masters,BSC
351,"2022-09-12 22:22:45",631f63b2284475.95611811,A2LKMIBCAJOIQO,36,M,Undergraduate,Engg
352,"2022-09-12 22:31:40",631f65cbb77870.28367273,A1JNMPXGN6N0BI,31,M,Undergraduate,Arts
353,"2022-09-12 22:32:32",631f65e50be988.78503628,A3QIB8UI9DG12G,33,M,Undergraduate,Accounts
354,"2022-09-12 22:41:50",631f683265abd1.79404920,A15RDD1EQIZSX3,38,M,Masters,"HUMAN RESOURCES"
355,"2022-09-12 22:41:59",631f680aaae0f1.73238687,A1L4A4X3GYJNNW,31,M,Undergraduate,"computer science"
356,"2022-09-12 22:43:58",631f680aaae0f1.73238687,A1L4A4X3GYJNNW,31,M,Undergraduate,"computer science"
357,"2022-09-12 23:04:04",631f6cd41130d9.49507154,ASJSRTPWPGMVW,30,F,Masters,"Computer science"
358,"2022-09-12 23:10:45",631f6ea881b018.53093937,A10OGH5CQBXL5N,35,M,Undergraduate,"B. A"
359,"2022-09-12 23:30:22",631f7385d217d7.74008702,A1FPCIKO68OQ63,29,M,Undergraduate,EEE
360,"2022-09-13 00:00:31",631f79be467f08.66856150,A3QPZHHR1YA5ZJ,33,M,Undergraduate,B.Com
361,"2022-09-13 00:25:46",631f8057707e66.78373630,A3Q2XBURXQ8RJS,40,M,Undergraduate,"Computer Science"
362,"2022-09-13 02:48:00",631fa1c61b1388.10495893,AL0FV8N5ENKRC,45,M,Masters,Computers
363,"2022-09-13 04:50:01",631fbe71545791.25193658,AAK5TY3SMQYB7,55,M,Masters,"Financial Management"
364,"2022-09-13 06:14:05",631fd222bb2268.71260391,A23RGS48XSHCT5,41,M,Intermediate,Mechanical
365,"2022-09-13 07:15:13",631fe090e525e9.67767876,A3HKZTDVORNEZ,30,M,Undergraduate,COMMERCE
366,"2022-09-13 16:04:06",63205c601c6c77.90882393,AMKWR51EXOPA4,46,M,High_School,"handihapped person"
367,"2022-09-13 16:12:51",63205e7b4a9d04.10713040,AU0QUUKGUD8OH,27,M,Masters,"Computer applications"
368,"2022-09-13 16:36:20",632063e5870f14.11032370,A9UBPUEWAMA06,32,M,Undergraduate,"Computer science"
369,"2022-09-13 16:39:43",6320649be521d0.69269286,A1FCQ6T9V2SGXL,34,M,Masters,software
370,"2022-09-13 16:53:59",6320683c261807.01414994,A1CCE2WY1CC40H,29,M,Undergraduate,"Bachelors in business management"
371,"2022-09-13 17:29:52",632070881ca040.33024096,AY856YS984LQ1,44,M,Undergraduate,"COMPUTER APPLICATIONS"
372,"2022-09-13 17:37:49",63207274f2f310.30684528,A2H3YXD2QGHMUO,48,F,Masters,manager
373,"2022-09-13 18:19:11",63207be9290d84.02888875,A3E5A4MCYZ0KD1,35,M,Undergraduate,"B tech e&amp;c"
374,"2022-09-13 18:25:09",63207d7e0c79b8.57122099,A3FW9NWR6TJ4M9,44,F,Undergraduate,"civil engineering"
375,"2022-09-13 18:29:16",63207e5d07d849.21635250,A15YI5MH2VDXOQ,36,M,Masters,MAJOR
376,"2022-09-13 18:30:32",63207ebf083dc9.26919512,A8TT49PC6GZGK,36,M,Masters,MAJOR
377,"2022-09-14 13:58:57",63219084d1df72.10250599,A2UUT3XS4L80YU,40,M,Masters,FINANCE
378,"2022-09-14 14:05:38",6321923eb5e038.01345319,A2UUT3XS4L80YU,40,M,Masters,FINANCE
379,"2022-09-23 12:14:11",632d54156981c9.79985231,Demo,19,M,Undergraduate,yuy
380,"2022-10-14 14:40:28",6349276959f190.00245496,Demo,23,F,Masters,cse
381,"2022-10-17 09:48:46",634cd78750c533.91536198,Demo,18,F,Masters,demo
382,"2022-10-19 14:19:40",634fb9f3b5bc71.91720288,Demo,18,F,Masters,r
383,"2022-11-11 13:43:50",636e0413a9d3f7.67542657,Demo,18,F,Intermediate,r
384,"2022-11-14 17:25:32",63722c96314326.54254365,Demo,18,F,Masters,CS
385,"2022-11-18 15:33:47",6377586b943696.62318415,Demo,18,M,High_School,CS
386,"2022-12-12 10:56:07",6396bb3a99da27.25570084,fdf,18,M,Undergraduate,fdfsd
387,"2022-12-17 14:09:41",639d80379ce477.87579002,Demo,19,F,phd,hgh
388,"2023-01-08 01:46:16",63b9d2fc03da38.49048523,Demo,44,F,Masters,CS
389,"2023-01-09 05:33:26",63bb59a1038cf2.63188874,Demo,18,F,Other,sds
390,"2023-01-11 19:52:12",63bec5ff5400f0.56981465,Demo,18,M,Intermediate,CS
391,"2023-01-12 14:52:33",63bfd140dacd52.58830119,Demo,18,F,Undergraduate,CS
392,"2023-01-12 14:53:00",63bfd140dacd52.58830119,Demo,18,F,Undergraduate,CS
393,"2023-01-12 14:57:02",63bfd223c7eb25.44679202,Demo,20,M,Masters,CS
394,"2023-01-13 10:14:22",63c0e14abc76e0.00918961,Demo,18,F,phd,CS
395,"2023-01-13 10:15:04",63c0e14abc76e0.00918961,Demo,18,F,phd,CS
396,"2023-01-13 10:16:10",63c0e14abc76e0.00918961,Demo,18,F,phd,CS
397,"2023-01-13 10:17:40",63c0e14abc76e0.00918961,Demo,18,F,phd,CS
398,"2023-01-13 10:47:54",63c0e14abc76e0.00918961,Demo,18,F,phd,CS
399,"2023-01-13 10:52:25",63c0e14abc76e0.00918961,Demo,18,F,phd,CS
400,"2023-01-13 10:55:07",63c0e14abc76e0.00918961,Demo,18,F,phd,CS
401,"2023-01-13 11:29:40",63c0f33931f6e8.48235781,Demo,18,F,Masters,CS
402,"2023-01-13 11:50:05",63c0f7fe449365.76337997,Demo,18,M,Undergraduate,CS
403,"2023-01-13 12:20:45",63c0ff33e3cac2.37630151,Demo,18,M,phd,CS
404,"2023-01-13 12:34:44",63c1027ce6b909.89715597,c1,18,F,Masters,CS
405,"2023-01-13 12:39:08",63c10384868c05.01716706,Demo,18,M,Undergraduate,CS
406,"2023-01-13 12:40:22",63c103483b3149.55727353,1,27,M,Masters,CSE
407,"2023-01-13 12:53:22",63c105d9671b98.02809358,t21011@students.iitm,23,M,Masters,"Communication and Signal Process"
408,"2023-01-13 13:10:02",63c10a8ea3f242.92602934,T21009,25,M,Masters,"Machine Learning"
409,"2023-01-13 13:11:19",63c10afebea264.09751259,Inter_rater_b,27,M,Masters,Psychology
410,"2023-01-13 13:11:49",63c10a9a2209e0.27819790,T21008,25,M,Masters,Csp
411,"2023-01-13 13:13:06",63c10b734aad45.08077598,Inter_rater_b,27,M,Masters,Psychology
412,"2023-01-13 13:17:05",63c10c25ca0d47.41158274,Inter_rater_b,28,M,phd,Iks
413,"2023-01-13 13:22:43",63c10d9d9ced31.97396136,Inter_rater_b,27,M,phd,iks
414,"2023-01-13 13:24:04",63c10c4418b211.58665906,Inter_rater_b,25,M,Masters,CSE
415,"2023-01-13 14:10:54",63c118e1e958a5.98529353,Inter_rater_b,24,F,Masters,Iks
416,"2023-01-13 14:19:58",63c11ac422a919.88595826,Inter_rater_b,25,F,phd,"IKSHMA centre"
417,"2023-01-13 14:22:05",63c11b844d3d11.63574960,Inter_rater_b,25,F,phd,"IKSHMA centre"
418,"2023-01-13 14:42:00",63c12046a7a4c7.45344966,T21050,24,M,Masters,CSE
419,"2023-01-13 15:01:55",63c124a27d7517.32519941,Inter_rater_b,24,F,Masters,Iks
420,"2023-01-13 16:01:42",63c132c34a9060.26535865,demo,23,F,Undergraduate,"Computer science"
421,"2023-01-13 16:14:07",63c135cbac5fe6.88091176,Inter_rater_b,23,F,Undergraduate,"Computer science"
422,"2023-01-13 16:42:42",63c13c49bb45d2.85379201,Inter_rater_b,27,M,Masters,"Computer  Science  &amp; Enginee"
423,"2023-01-13 18:02:21",63c14f11d051d4.93343629,Inter_rater_b,24,F,Masters,"Smart garment"
424,"2023-01-14 10:26:15",63c235df6e4f77.32414120,Demo,18,M,Intermediate,CS
425,"2023-01-17 18:34:56",63c69cc37ff9a2.44012690,Inter_rater_b,25,F,Undergraduate,CSE
426,"2023-01-17 22:44:32",63c6d766c5ed06.75187251,Demo,18,M,Undergraduate,CS
427,"2023-01-18 13:01:34",63c7a045c1e9e2.93238855,Demo,18,F,Masters,sds
428,"2023-01-20 14:50:26",63ca5c86031ea6.45566062,Inter_rater_b,24,M,Masters,CSE
429,"2023-01-23 11:53:46",63ce27dbe47db1.16663048,Demo,23,F,Masters,sds
430,"2023-02-10 14:26:41",63e60697a0fe98.69703690,123,27,M,Masters,cse
431,"2023-02-21 16:01:07",63f49d3a9f1490.77851401,Demo,18,F,Masters,CS
432,"2023-02-23 22:09:58",63f796b834a845.12642332,Inter_rater_b,27,M,Masters,"Computer  Science  &amp; Enginee"
433,"2023-02-23 22:23:19",63f799e0ad98a5.53701357,Inter_rater_b,27,M,Masters,Psychology
434,"2023-02-24 14:29:34",63f87c49af1716.85060049,Inter_rater_b,23,M,Masters,CSE
435,"2023-02-24 18:52:12",63f8b9f57f6ac6.60272752,Demo,18,M,Masters,CS
436,"2023-02-24 19:16:52",63f8bfb9cbdb89.64168891,Demo,18,M,Undergraduate,CS
437,"2023-02-24 19:38:35",63f8c4d0bc9ab0.34716873,Demo,19,M,Intermediate,CS
438,"2023-02-24 19:48:47",63f8c73491be41.84852184,Demo,18,F,phd,CS
439,"2023-02-28 15:03:33",63fdca5dc12369.09133289,ghg,19,F,Masters,fgfg
440,"2023-03-01 11:26:19",63fee8ee2b6820.32483043,ds,21,F,Masters,sdsd
441,"2023-03-03 20:32:06",64020bdc48d7e2.74564494,Demo,18,F,phd,CS
442,"2023-03-08 11:47:54",64082883194a81.97382562,ddemo,18,F,Masters,gj
443,"2023-03-12 14:10:27",640d8feecf8cd4.25970593,sds,18,F,phd,ds
444,"2023-03-12 14:10:43",640d8ffde0b207.72110098,erere,19,F,Undergraduate,erer
445,"2023-03-12 14:11:10",640d8ffde0b207.72110098,sds,18,F,phd,ds
446,"2023-03-17 15:43:12",64143d2a9fbdf6.25095408,ggh,18,F,Undergraduate,ghg
447,"2023-04-12 15:01:34",64367a5525fb59.16287777,Demo,18,M,High_School,yhujhy
448,"2023-04-12 15:02:47",64367a5525fb59.16287777,ddemo,18,M,phd,dffd
449,"2023-04-12 15:08:25",64367a5525fb59.16287777,ddemo,18,M,phd,dffd
450,"2023-04-12 15:08:43",64367a5525fb59.16287777,fgf,18,M,Masters,fgfg
451,"2023-04-12 15:10:45",64367c901c6522.41808923,cdvc,20,M,High_School,xcvx
452,"2023-04-12 15:14:18",64367c901c6522.41808923,dxfcx,18,M,Undergraduate,cxx
453,"2023-04-12 15:15:20",64367c901c6522.41808923,dxfcx,18,M,Undergraduate,cxx
454,"2023-04-12 15:15:55",64367dc343aec2.97118850,cdvc,21,M,Undergraduate,dffd
455,"2023-04-12 15:19:24",64367dc343aec2.97118850,cdvc,21,M,Undergraduate,dffd
456,"2023-04-12 15:22:40",64367dc343aec2.97118850,fgf,18,M,Masters,dfdf
457,"2023-04-12 15:24:05",64367fb150a7a8.68976416,dsds,18,F,Masters,sds
458,"2023-04-21 14:44:47",644253f6bee5c3.29036476,Demo,18,F,Masters,CS
459,"2023-04-21 14:46:00",644253f6bee5c3.29036476,Demo,18,F,Masters,CS
460,"2023-04-28 13:27:59",644b7c75e66333.90346810,gfg,20,M,Masters,fgf
461,"2023-04-28 13:37:02",644b7e3fc8aa86.24295381,fdfd,21,F,Undergraduate,sdfdf
462,"2023-04-28 13:39:01",644b7f111b3737.90030998,fddf,18,M,Undergraduate,dffd
463,"2023-04-28 13:44:32",644b805a8abe06.56291149,dfgdf,18,F,Masters,fdf
464,"2023-04-28 13:54:42",644b805a8abe06.56291149,ghg,18,F,Masters,fgf
465,"2023-04-28 13:55:54",644b8307450e35.11475715,frg,18,F,Masters,dsf
466,"2023-04-28 14:09:11",644b86202fb499.07404315,asdas,18,M,Masters,asa
467,"2023-04-28 14:27:20",644b8a6066d2a9.01448156,j,18,F,Intermediate,dffd
468,"2023-04-28 14:36:58",644b8ca21050f4.62723532,asdas,18,F,phd,sdfdf
469,"2023-04-28 14:49:57",644b8f7b467772.90058492,zxz,18,F,phd,cvc
470,"2023-04-28 14:58:54",644b91c9f18743.72801869,fgf,18,F,Masters,dfd
471,"2023-04-28 15:01:02",644b92465d9829.15918287,dfxc,19,F,phd,sd
472,"2023-04-28 15:04:51",644b932a36a395.18088254,fdf,18,F,Undergraduate,dfd
473,"2023-04-28 15:08:31",644b9408b98447.19761486,fgf,18,F,Masters,dfd
474,"2023-04-28 15:19:50",644b96b1b08851.97120149,fddf,18,M,High_School,wdw
475,"2023-04-28 15:22:59",644b976f2d27a8.55749743,sdsd,18,F,Masters,sds
476,"2023-05-04 16:13:51",64538c4379f385.78530029,Demo,18,F,phd,x
477,"2023-05-05 11:15:59",64549808409d99.24891394,dsds,20,F,Undergraduate,cx
478,"2023-05-05 11:40:22",64549dc0206e71.26509119,dfsd,18,F,Masters,asaas
479,"2023-05-05 11:41:02",64549dc0206e71.26509119,dsds,20,F,Masters,asawqw
480,"2023-05-05 11:42:00",64549dc0206e71.26509119,dsds,20,F,Masters,asawqw
481,"2023-05-05 11:43:13",64549dc0206e71.26509119,dsds,20,F,Masters,asawqw
482,"2023-05-05 11:49:27",64549dc0206e71.26509119,dsds,18,F,phd,sds
483,"2023-05-05 11:51:51",6454a070e82073.68761381,re,18,M,Undergraduate,werdwee
484,"2023-05-05 11:52:41",6454a070e82073.68761381,re,18,M,Undergraduate,werdwee
485,"2023-05-05 12:00:37",6454a070e82073.68761381,re,18,M,Undergraduate,werdwee
486,"2023-05-05 12:00:56",6454a070e82073.68761381,fsdsdes,18,F,phd,asa
487,"2023-05-05 12:01:55",6454a070e82073.68761381,fsdsdes,18,F,phd,asa
488,"2023-05-05 12:05:07",6454a070e82073.68761381,fsdsdes,18,F,phd,asa
489,"2023-05-05 12:09:46",6454a070e82073.68761381,fsdsdes,18,F,phd,asa
490,"2023-05-05 12:10:40",6454a070e82073.68761381,fsdsdes,18,F,phd,asa
491,"2023-05-05 12:14:08",6454a070e82073.68761381,fsdsdes,18,F,phd,asa
492,"2023-05-05 12:14:40",6454a070e82073.68761381,fsdsdes,18,F,phd,asa
493,"2023-05-05 12:14:59",6454a070e82073.68761381,fsdsdes,18,F,phd,asa
494,"2023-05-05 12:15:19",6454a070e82073.68761381,fsdsdes,18,F,phd,asa
495,"2023-05-05 12:15:49",6454a070e82073.68761381,fsdsdes,18,F,phd,asa
496,"2023-05-05 12:16:19",6454a070e82073.68761381,fsdsdes,18,F,phd,asa
497,"2023-05-05 12:17:30",6454a070e82073.68761381,fsdsdes,18,F,phd,asa
498,"2023-05-05 12:18:07",6454a070e82073.68761381,fsdsdes,18,F,phd,asa
499,"2023-05-05 12:18:32",6454a070e82073.68761381,fsdsdes,18,F,phd,asa
500,"2023-05-05 12:18:44",6454a070e82073.68761381,fsdsdes,18,F,phd,asa
501,"2023-05-05 12:18:57",6454a070e82073.68761381,fsdsdes,18,F,phd,asa
502,"2023-05-05 12:19:23",6454a070e82073.68761381,sdsd,18,F,Undergraduate,sds
503,"2023-05-05 12:20:10",6454a710d15f32.11789749,asdas,18,F,phd,sfd
504,"2023-05-05 12:21:17",6454a75564b1a2.76165057,ASA,18,F,phd,dfd
505,"2023-05-05 12:23:18",6454a7c5f09cd0.97352160,sds,18,F,High_School,dfd
506,"2023-05-05 12:24:48",6454a7c5f09cd0.97352160,sds,18,F,High_School,dfd
507,"2023-05-05 12:27:07",6454a8974e1384.25137761,weds,18,M,Intermediate,asa
508,"2023-05-05 12:44:05",6454acb034b5d8.94950072,fsdsdes,18,M,Undergraduate,ae
509,"2023-05-05 12:47:05",6454ad652d3668.45728340,weds,18,F,Masters,asawqw
510,"2023-05-05 12:50:42",6454ae3cb657d1.95280153,asa,18,F,Masters,as
511,"2023-05-05 12:51:00",6454ae3cb657d1.95280153,asa,18,F,Masters,as
512,"2023-05-05 12:51:41",6454ae76e426e3.69853135,wew,18,M,Intermediate,werdwee
513,"2023-05-05 12:51:59",6454ae76e426e3.69853135,wew,18,M,Intermediate,werdwee
514,"2023-05-05 12:52:26",6454aea65c6724.57787593,rftr,18,M,Undergraduate,sedf
515,"2023-05-05 12:54:32",6454aea65c6724.57787593,rftr,18,M,Undergraduate,sedf
516,"2023-05-05 12:55:06",6454aea65c6724.57787593,sfddes,18,M,Undergraduate,as
517,"2023-05-05 12:55:40",6454af640f1a38.49897856,dsds,18,F,phd,asaas
518,"2023-05-05 12:57:52",6454afe9c80c77.43130062,fdfd,18,M,Masters,sdsd
519,"2023-05-05 16:10:07",6454dcf1873bb7.08780266,f,18,F,Undergraduate,d
520,"2023-05-05 16:12:23",6454dd7f103e48.18544038,xdfd,18,F,phd,xds
521,"2023-05-12 19:31:23",645e4571df62c9.56106530,Demo,18,F,High_School,d
522,"2023-05-12 19:46:21",645e4a23f0de40.66045598,Demo,18,F,Masters,d
523,"2023-05-12 19:58:09",645e4ce94881c5.86126026,Demo,18,F,Masters,x
524,"2023-05-12 20:01:22",645e4da6c455b6.54293641,Demo,18,F,phd,x
525,"2023-05-26 16:45:10",647094afa8e8c1.08183685,hj,18,M,Intermediate,hjj
526,"2023-06-02 15:31:11",6479bdd694a626.79378439,fdfd,18,F,Undergraduate,x
527,"2023-06-08 15:49:18",6481ab142e95b0.77911861,fdf,18,M,Intermediate,dfdf
528,"2023-06-12 00:27:39",6486190dd4c386.31318657,Demo,18,F,Undergraduate,x
529,"2023-06-12 00:40:10",64861bfb3e2e10.35989499,Demo,18,F,Undergraduate,d
530,"2023-06-12 00:44:39",64861bfb3e2e10.35989499,Demo,18,F,Undergraduate,d
531,"2023-06-12 00:45:59",64861d60665f52.08566504,c1,18,F,phd,x
532,"2023-06-12 00:51:55",64861d60665f52.08566504,c1,18,F,phd,x
533,"2023-06-12 01:01:40",6486210b7b8949.36399165,Demo,18,F,High_School,d
534,"2023-06-12 01:03:40",64862183e4cca5.77922301,Demo,18,F,Undergraduate,"Computer Science"
535,"2023-06-12 01:07:14",6486224c47be00.06923749,Demo,18,M,Intermediate,"Computer Science"
536,"2023-06-12 01:07:38",6486224c47be00.06923749,Demo,18,M,Intermediate,"Computer Science"
537,"2023-06-12 01:08:00",648622894d3165.50983787,Demo,18,F,phd,"Computer Science"
538,"2023-06-12 01:08:24",648622a31fccd1.03462594,Demo,18,F,Undergraduate,"Computer Science"
539,"2023-06-12 01:11:53",648622a31fccd1.03462594,Demo,18,F,phd,"Computer Science"
540,"2023-06-12 01:12:16",64862388309ea2.37759928,c2,18,F,Masters,"Computer Science"
541,"2023-06-12 01:12:42",648623a4884499.61546939,Demo,18,M,Intermediate,"Computer Science"
542,"2023-06-12 01:16:08",64862450aef6c1.66993497,Demo,18,F,High_School,"Computer Science"
543,"2023-06-12 01:16:33",6486248ad954d9.90748792,Demo,18,F,Masters,"Computer Science"
544,"2023-06-12 01:16:57",648624a2ec2417.77249762,Demo,18,F,Intermediate,"Computer Science"
545,"2023-06-12 01:17:03",648624a2ec2417.77249762,Demo,18,F,Intermediate,"Computer Science"
546,"2023-06-12 01:17:07",648624a2ec2417.77249762,Demo,18,F,Intermediate,"Computer Science"
547,"2023-06-12 01:17:12",648624a2ec2417.77249762,Demo,18,F,Intermediate,"Computer Science"
548,"2023-06-12 01:28:51",6486276f256163.53571557,Demo,18,F,Masters,"Computer Science"
549,"2023-06-12 01:41:48",64862a6778aa11.58347434,Demo,18,F,Undergraduate,"Computer Science"
550,"2023-06-12 01:41:52",64862a6778aa11.58347434,Demo,18,F,Undergraduate,"Computer Science"
551,"2023-06-12 01:41:56",64862a6778aa11.58347434,Demo,18,F,Undergraduate,"Computer Science"
552,"2023-06-12 01:42:00",64862a6778aa11.58347434,Demo,18,F,Undergraduate,"Computer Science"
553,"2023-06-12 01:42:03",64862a6778aa11.58347434,Demo,18,F,Undergraduate,"Computer Science"
554,"2023-06-12 01:42:07",64862a6778aa11.58347434,Demo,18,F,Undergraduate,"Computer Science"
555,"2023-06-12 01:43:01",64862ab55f9dc7.57242829,Demo,18,M,High_School,x
556,"2023-06-14 15:43:28",6489925b9239a5.73439888,B21112,20,M,Undergraduate,"Computer Science and Engineering"
557,"2023-06-14 15:44:07",648992c7e0f453.64627625,b21087,19,M,Undergraduate,cse
558,"2023-06-14 15:44:11",648992a4be2624.01676508,B21040,18,M,Intermediate,CSE
559,"2023-06-14 15:45:06",64899273a9b2d1.78160398,B21158,18,F,Intermediate,"Data Science and Engineering"
560,"2023-06-14 16:06:17",648997f4aa4096.06942517,B21195,21,F,High_School,Electrical
561,"2023-06-14 16:27:19",64899c9f474c31.52796692,B21250,20,M,High_School,"Computer Science"
562,"2023-06-14 16:40:24",64899f12940c55.35587928,B21119,20,M,Undergraduate,"BTech in Computer science and en"
563,"2023-06-14 17:52:16",6489b06b066c37.48640980,B21150,19,M,Undergraduate,NA
564,"2023-06-14 18:39:47",6489bbb475ff18.22091874,B21193,19,M,Undergraduate,"BTech CSE"
565,"2023-06-14 21:21:34",6489e1c7989ef8.86176460,B21045,20,M,Undergraduate,CSE
566,"2023-06-14 22:01:57",6489eb53d9b606.36826458,B21117,19,M,Undergraduate,CSE
567,"2023-06-15 02:01:52",648a236e31a7a8.66642360,b21000,19,M,High_School,Bio
568,"2023-06-15 07:47:59",648a7499c941c4.79035953,B21234,19,M,High_School,"Computer science and engineering"
569,"2023-06-15 08:06:29",648a78b34592c9.63550745,B21166,19,F,Undergraduate,"Data Science and Engineering"
570,"2023-06-15 08:54:23",648a84409870d1.87373298,B21055,18,M,Undergraduate,"Electrical Engineering"
571,"2023-06-15 09:21:10",648a89f9c84f65.48335042,B21181,20,M,Undergraduate,"Data Science"
572,"2023-06-15 09:21:46",648a897baf5987.78963454,B21104,21,F,High_School,CSE
573,"2023-06-15 16:29:14",648aeeef62f460.09512529,b21195,21,F,High_School,EE
574,"2023-06-15 16:45:48",648af2c62a5a29.30671224,bhjh,18,F,High_School,ee
575,"2023-06-16 11:35:02",648bfb01313cb0.29050307,B21242,20,M,Intermediate,"Data Science and Engineering"
576,"2023-06-16 12:15:39",648c04ea4b2817.50085638,b20001,19,F,High_School,CSE
577,"2023-06-18 14:39:03",648ec8ab84e528.11864437,B21317,20,M,Intermediate,"Data Science and Engineering"
578,"2023-06-29 09:22:26",649cffe4b1dfd8.51084819,vcc,18,F,Masters,fd
579,"2023-07-06 14:39:35",64a684bce6a6c4.59425496,ff,18,F,Masters,fdf
580,"2023-08-24 18:48:30",64e7586baee471.13414911,Demo,18,F,Intermediate,sds
581,"2023-08-30 13:22:36",64eef302658c90.66033201,T22051,25,M,Masters,CSE
582,"2023-09-03 12:55:37",64f434cec663f9.45267866,T22051,26,M,Masters,CSE
583,"2023-09-03 19:07:18",64f48bee40e651.79561424,T22051,25,M,Masters,CSE
584,"2023-09-27 19:04:58",65142f73a4c691.09939867,sds,19,F,Undergraduate,hg
585,"2023-09-27 19:13:13",65143162e25f32.33635017,rf,18,M,Undergraduate,sa
586,"2023-09-27 19:27:43",651434c419f7c4.41495918,a,23,M,Masters,CSE
587,"2023-10-02 12:14:14",651a668eb9b5e0.31958607,ghg,20,M,High_School,l
588,"2023-10-02 15:31:21",651a94cd53c282.82579765,cvv,18,F,Intermediate,nmn
589,"2023-10-02 16:29:43",651aa28e871108.92184510,fdfd,18,M,Intermediate,dffd
590,"2023-10-02 17:00:22",651aa9bb904ae2.79337820,T22051,18,M,Masters,CSE
591,"2023-10-09 11:06:43",652391564f2bc9.28614308,sa,23,M,Masters,CSE
592,"2023-10-09 11:09:07",652391ed19a1b8.51847348,wsa,22,M,Masters,CSE
593,"2023-10-12 19:55:06",65280196195d59.10168930,B20101,21,F,Undergraduate,CSE
594,"2023-10-12 20:28:27",6528097d1777d1.05467218,B20101,21,F,Undergraduate,CSE
595,"2023-10-13 19:30:43",65294d6696c2d6.58554803,123,18,F,phd,CS
596,"2023-10-13 20:18:45",65294d6696c2d6.58554803,123,18,F,phd,CS
597,"2023-10-16 10:28:32",652cc2df84c0b8.23673558,T22051,25,M,Masters,CSE
598,"2023-10-16 11:24:51",652ccf21204391.78269202,T22051,25,M,Masters,CSE
599,"2023-10-16 11:27:50",652cd0c7830609.78982856,T22051,25,M,Masters,CSE
600,"2023-10-16 11:31:51",652cd1c0839fa7.64563947,T22051,24,M,Masters,CSE
601,"2023-10-16 12:00:33",652cd867f3e092.22837056,T22051,25,M,Masters,CSE
602,"2023-10-16 12:02:44",652cd8fd36c542.52635832,T22051,25,M,Masters,CSE
603,"2023-10-16 17:07:42",652d20753651a1.09034434,T22051,27,M,Masters,CSE
604,"2023-10-16 17:16:44",652d2293ec5d84.19959267,T22051,18,M,Masters,CSE
605,"2023-10-16 17:23:14",652d24198cd158.36512063,T22051,23,M,Masters,CSE
606,"2023-10-16 17:28:15",652d253bb70a26.76634337,T22051,25,M,Masters,CSE
607,"2023-10-16 17:29:45",652d2590920c78.70294205,T22051,25,M,Masters,CSE
608,"2023-10-16 17:40:23",652d281acf2553.99935766,T22051,25,M,Masters,CSE
609,"2023-10-16 17:42:21",652d2893d52a59.50266702,T22051,25,M,Masters,CSE
610,"2023-10-16 18:06:14",652d2e298e3236.32134479,T22051,27,M,Masters,CSE
611,"2023-10-16 18:08:46",652d2ec5f387d8.97946015,T22051,28,M,Masters,CSE
612,"2023-10-16 18:14:21",652d3016afb619.60537999,T22051,23,M,Masters,CSE
613,"2023-10-16 18:20:36",652d318d690a39.80101487,sa,21,M,phd,CSE
614,"2023-10-16 18:38:56",652d35d3da6ce2.53512668,T22051,25,M,Masters,CSE
615,"2023-10-16 18:39:54",652d3611763870.90422577,T22051,25,M,Masters,CSE
616,"2023-10-16 18:40:49",652d364b122b24.84977486,T22051,25,M,Masters,CSE
617,"2023-10-16 20:56:02",652d55ef7c58c3.75270478,T22053,22,M,Masters,CSE
618,"2023-10-16 21:01:37",652d5746b740b7.21644486,T22053,22,M,Masters,CSE
619,"2023-10-16 21:03:13",652d57a74d5554.13484599,T22051,25,M,Masters,CSE
620,"2023-10-16 21:06:34",652d58719ecb99.47641250,T22051,25,M,Masters,CSE
621,"2023-10-16 21:12:31",652d59da81dc42.29013126,T22051,32,M,Masters,CSE
622,"2023-10-16 21:17:18",652d5af91edee2.45668193,T22051,23,M,Masters,CSE
623,"2023-10-16 21:19:54",652d5b8dc864e6.90000389,T22051,25,M,Masters,CSE
624,"2023-10-16 21:21:04",652d5bd97a1135.69649018,T22051,25,M,Masters,CSE
625,"2023-10-16 21:22:20",652d5c2851b569.14856194,T22051,25,M,Masters,CSE
626,"2023-10-16 21:26:41",652d5d2ccad638.61314686,T22051,25,M,Masters,CSE
627,"2023-10-16 21:29:43",652d5de0d36747.00269138,T22051,18,M,Masters,CSE
628,"2023-10-17 10:27:34",652e142de4c0f1.10132146,T22051,25,M,Masters,CSE
629,"2023-10-17 11:02:28",652e1c55a6a720.13380805,T22051,25,M,Masters,CSE
630,"2023-10-17 12:56:05",652e36fd6621f2.18294459,T22051,25,M,Masters,CSE
631,"2023-10-17 13:01:11",652e382dbcf8f1.89252879,T22051,25,M,Masters,CSE
632,"2023-10-17 13:28:35",652e3e8685eae6.29822651,T22051,25,M,Masters,CSE
633,"2023-10-17 13:32:53",652e3f8a3d3110.83945035,T22051,25,M,Masters,CSE
634,"2023-10-17 13:35:14",652e400c1f5505.76190954,T22051,25,M,Masters,CSE
635,"2023-10-17 13:47:18",652e42c55e4c88.82324177,T22051,25,M,Masters,CSE
636,"2023-10-17 14:47:14",652e4d28c6d959.28931415,T22051,25,M,Masters,CSE
637,"2023-10-31 12:12:40",6540a1cd490bd8.61464253,T22051,25,M,Masters,CSE
638,"2023-11-04 15:06:48",654610a2abddd7.97516787,T22051,25,M,Masters,CSE
639,"2023-11-04 15:23:09",6546147709c4c9.00546794,T22051,25,M,Masters,CSE
640,"2023-11-06 15:26:38",6548b845b71d95.55625248,T22051,25,M,Masters,CSE
641,"2023-11-29 20:34:39",656752f7aa95c0.14709625,T22051,25,M,Undergraduate,CSE
642,"2023-11-29 20:41:34",65675496642775.74605203,T22051,25,M,Undergraduate,CSE
643,"2023-11-29 21:26:06",65675f06c95293.65479324,T22051,25,M,Masters,CSE
644,"2023-11-29 21:27:07",65675f4624e641.59042209,T22051,25,M,Masters,CSE
645,"2023-11-29 21:29:50",65675fe9552019.90173335,T22051,25,M,Masters,CSE
646,"2023-11-29 23:25:35",65677b076d1d97.45793972,T22051,25,M,Masters,CSE
647,"2023-11-29 23:29:53",65677c0d612c83.77301851,T22051,25,M,Masters,CSE
648,"2023-11-29 23:32:31",65677ca8d3d267.27373811,T22051,25,M,phd,CSE
649,"2023-11-29 23:34:50",65677d3472a1f9.59765562,T22051,25,M,Masters,CSE
650,"2023-11-30 11:30:38",656824f06ecb40.13676149,T22051,25,M,Undergraduate,CSE
651,"2023-11-30 11:36:23",6568264ac8dba7.18897712,T22051,25,M,Undergraduate,CSE
652,"2023-11-30 14:44:54",6568527d6932d5.31384799,T22051,25,M,Undergraduate,CSE
653,"2023-11-30 14:57:34",65685574929b12.14152779,T22051,25,M,Masters,CSE
654,"2023-11-30 15:03:34",6568564a582996.04818300,T22051,25,M,Masters,CSE
655,"2023-11-30 15:10:02",6568586426cfc6.27397973,T22051,25,M,Masters,CSE
656,"2023-11-30 15:29:10",65685cdddfd273.35375809,T22051,25,M,Masters,CSE
657,"2023-11-30 15:35:27",65685e582a3537.86214953,T22051,25,M,Masters,CSE
658,"2023-11-30 15:38:53",65685f270dc289.53300144,T22051,25,M,Masters,CSE
659,"2023-11-30 15:52:49",6568626bee5572.11695447,T22051,25,M,Masters,CSE
660,"2023-11-30 18:33:49",6568877e11cfa4.23590910,T22051,27,M,Undergraduate,CSE
661,"2023-11-30 22:35:42",6568c0d0e0fbf7.05086737,T22051,27,M,Undergraduate,CSE
662,"2023-11-30 23:12:28",6568c965670a95.49448671,T22053,21,M,Undergraduate,CSE
663,"2023-11-30 23:15:08",6568ca0f045399.73970302,t22053,22,M,Undergraduate,CSE
664,"2023-11-30 23:48:12",6568d1c47bfe22.70651952,t22052,24,M,Undergraduate,CSE
665,"2023-12-01 00:07:27",6568d621d62057.48175221,t22052,25,M,Undergraduate,CSE
666,"2023-12-01 10:06:35",656962b8c313a3.85195954,T22057,24,M,Undergraduate,CSE
667,"2023-12-01 10:41:25",65696aa4b994a0.70739595,T21051,25,M,Undergraduate,CSE
668,"2023-12-01 13:40:21",656994c8a7e5f5.87437360,T22055,25,F,Undergraduate,CSE
669,"2023-12-01 14:33:55",6569a159661f31.25428346,T22060,28,M,Undergraduate,CSE
670,"2023-12-01 15:20:17",6569ab80bf2b92.12834346,T22056,26,M,Undergraduate,CSE
671,"2023-12-01 17:29:21",6569ca787f5f19.74579315,t22058,23,M,Undergraduate,CSE
672,"2023-12-01 20:10:27",6569f0330ac189.79416077,T23023,24,M,Undergraduate,Biotechnology
673,"2023-12-01 21:27:39",656a02232d5ec7.78689694,dd23012,26,M,Undergraduate,ME
674,"2023-12-02 12:55:48",656adbebb73a73.56516664,DEMO,21,M,Undergraduate,CSE
675,"2023-12-02 12:58:15",656adc5a66e3c1.70705988,DEMO,21,M,Masters,CSE
676,"2023-12-10 13:31:04",6575702d121699.35805821,demo,24,M,Undergraduate,CSE
677,"2023-12-10 14:29:27",65757dde9326f2.65309988,demo,25,M,Undergraduate,CSE
