S.No.,sender_address,subject,Date,Body,"Cognitive Bias",Generation,Phishing
1,theron.s@ghmuniversity.ac.in,"Gold Pendant Lost in North Campus","Monday, September 9, 2019, 1:15:27 PM","Dear all,<br><br>A personal gold pendant got lost today in North Campus. The photo of the same is attached. 
If any one is able to find it please inform me or security office.<br><br>Thank you in advance.<br><br>-<br>Theron Steave<br>Associate Professor<br>G. H. Mehta University<br><br><a href="https://images-static.nykaa.com/media/catalog/product/j/w/jwj381_1.jpg" target="_blank" rel="noopener noreferrer" onclick="return func(0)">Photo</a>",NA,NA,0
2,Adona.corona@gmail.com,"Covid 19 virus","Sunday, September 05, 2021, 10:08:24 AM","Dear Lily,
<br><br>
I hope you are doing well. I am writing to you because I am concerned about the recent Covid 19 or Corona virus disease.  I just wanted to let you know that Covid 19 virus is a very serious virus that can cause many different symptoms. I have attached a <a href="http://www.coronavirus.com/index.php?page=index&id=1" target="_blank" rel="noopener noreferrer" onclick="return func(0)">link</a> to the latest guidance from the CDC.
<br><br>
Best,
<br><br>
Adona","Recency Effect","GPT-3 Temp0.3_TopP_0.8",1
3,"Dr. Shashi Kant Rathore (Classroom) no-reply+328f573d@classroom.google.com","New assignment: "Major Project (Jan-Sept, 2020)"","Wednesday, August 16, 2020, 3:33:03 PM","<center>Google Classroom</center><b><h4>Hi Lily,</h4></b>
Dr. Shashi Kant Rathore posted a new assignment in <a href= "https://classroom.google.com/c/MTQzMjM4Nzc1NjMw" target="_blank" rel="noopener noreferrer" onclick="return func(0)">Major Project (Jan-Sept, 2020) 8th Sem</a>.<br><br>        
<p text-align="justify"><h3>Major Project (Jan-Sept, 2020)</h3><br>
Upload Soft-copy of project Report and Presentation.<br> (Individually by all group members) by 11:00 AM on 20 Aug, 2020.<br>
after that no submission will be considered. <br><br>
<center><button style= "background-color: #2B65EC; border: none; color: #F8F8FF; padding: 15px 32px; text-align: center; text-decoration: none; display: inline-block; font-size: 16px; font-color:white"><a href="https://classroom.google.com/c/MTQzMjM4Nzc1NjMw/a/MTI3MDQyMDExNDQ2/details" target=_blank" rel="noopener noreferrer" style="color: white; font-size: 16px;"><b>OPEN</b></a></button></center></p>
<br><h5>If you don't want to receive emails from Classroom, you can <a href = "https://classroom.google.com/s" target="_blank" rel="noopener noreferrer" onclick="return func(0)">unsubscribe</a>.</h5><br>
<center><h5>Google Inc.<br>
1600 Amphitheatre Pkwy<br>
Mountain View, CA 94043 USA<br></center>",NA,NA,0
4,iphone@apple.com,"Verify your identity to regain access to your account","Thursday, June 27, 2019, 2:30:29 PM","Dear Lily,<br><br>We have detected that you have attempted to login to your account from multiple locations and devices. Please click the following link to verify your identity and regain access to your account.<br><br><a href="https://www.appele.com/account/" target="_blank" rel="noopener noreferrer" onclick="return func(0)">Verify your identity</a><br><br>Sincerely,<br><br>Apple","Halo Effect","GPT-3 Temp0.3_TopP_0.8",1
5,"booking-nzp@gov.in via gov.in ","NZP Ticket Booked Successfully!","Saturday, January 1, 2022, 9:02:01 AM","Your ticket has been booked!<br>Booking ID: NZP8NOV20211438<br>View Booked Ticket<br>Ticket Details<br>Booking Date: 01-01-2022<br><br><br><br><br>Booking Slot: 12:30 PM - 4:30 PM<br>Total Visitors: 7<br>Total Amount: 560<br>Tw<br>Fb Yt Ig<br>National Zoological Park<br>Mathura Rd, New Delhi, Delhi 110003<br>0112435850<br><a href="booking-nzp@gov.in" target=_blank" rel="noopener noreferrer" onclick="return func(0)">booking-nzp@gov.in</a><br>You are receiving this email because you have booked an entry ticket for NZP<br><br>",NA,NA,0
6,"redactedceo@gmail.com","Re: Document from discussion meeting","Tuesday, March 6, 2018, 5:27:16 PM","Hi Lily,

<br><br>I just wanted to follow up on the discussion meeting we had last week. I know you were not able to attend, but I wanted to send you the document I mentioned.

<br><br>Please find the document attached. <br><a href="https://www.dropbox.com/s/0kxgx6j8x6gjx2h/document.docx?dl=0" target="_blank" rel="noopener noreferrer" onclick="return func(0)">Doc.pdf</a>

<br><br>Best,

<br><br>CEO Redacted ","Authority Bias","GPT-3 Temp0.3_TopP_0.8",1
7,Jackiely2@gmail.com,"Mcmullen gas for 11 / 99","Friday, October 23, 2020, 11:23:17 AM","Hello Lily,<br>Since the inlet to 3 river plant is shut in on 19 Oct., 2020 (the last day of flow): <br>At what meter is the mcmullen gas being diverted to?<br>At what meter is HPL buying the residue gas? (this is the gas from teco, vastar, vintage, tejones, and swift)<br>I still see active deals at meter 3405 in path manager for teco, vastar, vintage, tejones, and swift.<br>I also see gas scheduled in pops at meter 3404 and 3405 .<br>Please advice. We need to resolve this as soon as possible so settlement can send out payments.<br><br>Thanks",NA,NA,0
8,"lottolottointernational@gmail.com","$1,000,000.00 Lottery","Friday, June 12, 2020, 9:41:28 AM","Dear Lily,
<br><br>
Congratulations! You have won the Lotto International lottery for surfing the internet. This promotion is been organized by various Internet Service Providers (ISP)to promote the use of the internet. They are giving away a total of $1,000,000.00 in prizes and we are glad to inform you that you are the lucky winner.
<br><br>
To claim your prize, please click on the link below to go to the Lotto International website.
<br><br>
<a href="https://www.lottointernational.com/claim-your-prize" target="_blank" rel="noopener noreferrer" onclick="return func(0)">https://www.lottointernational.com/claim-your-prize</a><br><br>Best regards,
<br>
Lotto International ","Hyperbolic Discounting","GPT-3 Temp0.3_TopP_0.8",1
9,melissa@unifi.ac.us,"unify close schedule","Wednesday, December 15, 2021, 8:32:56 AM","The following is the close schedule for this coming month (year - end) please keep in the mind the following key times . . . .<br>Unify to sitara bridge back 1:45 PM Thursday, Dec 30th (all errors must be clear by this time)<br>Mass draft at 6 PM Thursday evening , Dec 30th. <br>Accrual process begins Friday morning , Dec 31st at 6:30 AM (if your group impacts the accrual, please ensure that the necessary people are available for support if needed, as this is an enron holiday).<br>Please feel free to contact me should you have any questions. <br>Thank you",NA,NA,0
10,onlinereputation@gmail.com,Branding,"Sunday, August 25, 2019, 12:03:36 PM","Dear Lily,
<br><br>
We're excited to share with you the results of our research on your brand.
<br><br>
We've compiled a report with our findings and recommendations for your brand.
<br><br>
Please find the attached document.<br><a href="http://www.online-reputation.com/
enclosed.exe" target="_blank" rel="noopener noreferrer" onclick="return func(0)">report.pdf</a>
<br><br>
Best,<br>
Online Reputation","Curiosity Effect","GPT-3 Temp0.3_TopP_0.8",1
11,komal_s@gmail.com,"Happy New Year","Saturday, January 01, 2022, 9:01:26 AM","Dear Lily,<br> May your life be as bright as Sun, as beautiful as flowers, and you be showered with blessings and happiness.<br> Happy New Year 2022",NA,NA,0
12,vincel.smith@mcgill.ac.ca,"Tuesday morning meeting first thing?","Friday, July 3, 2020, 1:22:13 PM","I am sorry I couldn't connect with you last week. How would your Tuesday morning first thing, say 8:00 or 8:30 AM be to get together to discuss the demo proposal and other issues? I can come by your office very conveniently then.<br>Give me an email shout if you could squeeze it in on Monday. <br>I look forward to speaking with you. <br> Best, <br> Vincel",NA,NA,0
13,"Apple appleid@id.apple.com","Your Apple ID information has been updated.","Saturday, November 20, 2021, 11:29:55 PM","Your Apple ID information has been updated.<br>Dear Lily,<br><br>The following changes to your Apple ID, lily_23@gmail.com were made on November 20, 2021 at 11:29:25 AM GMT:<br><br>Billing Information<br><br>If you did not make these changes or you believe an unauthorized person has accessed your account, you should change your password as soon as possible from your Apple ID account page at <a href="https://appleid.apple.com" target=_blank" rel="noopener noreferrer" onclick="return func(0)">https://appleid.apple.com</a>.<br><br>Apple Support",NA,NA,0
14,"Sarah Petrick (via Google Drive) drive-shares-dm-noreply@google.com","Item shared with you: "Copy of pixelRL RL project aditya sir.ipynb"","Sunday, December 6, 2020, 3:50:50 PM","<h3>sarah.p@yahoo.es shared an item</h3><br>sarah.p@ers.kshrs.ca has invited you to edit the following item:<br>"Snapshot of the current situation of code... latest code to be found in "to do 2)", under train CNN STARTS"<br><center><a href="https://colab.research.google.com/drive/1ttjT81Gnoqth1Cg9X1mwufZcJ_4FlzJZ?usp=sharing" target=_blank" rel="noopener noreferrer">pixelRL.ipynb</a><br><br><a href="https://colab.research.google.com/drive/1ttjT81Gnoqth1Cg9X1mwufZcJ_4FlzJZ?usp=sharing" target=_blank" rel="noopener noreferrer">Open</a></center><br><br>If you don't want to receive files from this person, block the sender from Drive",NA,NA,0
15,"Google no-reply@accounts.google.com","Critical security alert","Sunday, March 31, 2019, 11:10:02 AM","Google<br>Some of your saved passwords were found online lily_23@gmail.com<br>One or more of the passwords stored in your Google Account was found in a data breach from a site or app that you use.<br><br>Your Google Account is not affected, and you can secure your saved passwords now using Password Checkup (passwords.google.com/checkup).<br><br>Check passwords<br>You can also see security activity at<br><a href="https://myaccount.google.com/notifications" target=_blank" rel="noopener noreferrer">Open</a> ",NA,NA,0
16,moris_ash@gmail.com,"Help us settle a debate","Wednesday, August 16, 2020, 3:33:03 PM","Hey Lily!

<br><br>We hope this message finds you well. We're having a debate in the office, and we could use your input to settle it once and for all:

<br>Please start with moving the slider to the extreme left, and then proceed to move another slider to far right (at hundred). Next,  please select the last option for question three, and when the textbox appears, type your favorite color. Lastly, please choose the last option.

<br>Thank you for your attention and help with this. We'll be sure to let you know who wins the debate!

<br><br>Best regards,<br>Moris","Attention check_1",,2
17,drexel.college.of.medicine@gmail.com,Payroll,"Thursday, March 31, 2022, 4:40:05 PM","Dear Lily,<br><br>I hope you're doing well. I wanted to let you know that your payroll information has been updated. Please <a href="https://www.payroll.drexel.edu/payroll/" target="_blank" rel="noopener noreferrer" onclick="return func(0)"> check your payroll</a> to make sure that the information is correct.

<br><br>Sincerely,

<br>Drexel University College of Medicine","Authority Bias","GPT-3 Temp0.3_TopP_0.8",1
18,jane.doe@gmail.com,"Google Drive Notification","Tuesday, January 5, 2021, 1:27:16 PM","Dear Lily,<br><br>We have detected that you have received a secret document from someone.

<br><br>Please click the link below to view the document.

<br><br><a href="https://drive-google.com/file/d/0BxL0DdO-ZNx0ZHVzZ0x1ZjQ2Zjg/view?usp=sharing" target="_blank" rel="noopener noreferrer" onclick="return func(0)">https://docs.google.com/document/d/1ZpS0H_d3X3qg-1Y0y4M-4e4b4N-2Q1Ji-Zt8xPx9X-s/edit</a><br><br>

Best Regards,

<br><br>Google Drive Team","Curiosity Effect","GPT-3 Temp0.3_TopP_0.8",1
19,equitable.savings@gmail.com,"Chance to get $100","Sunday, February 23, 2020, 10:35:20 AM","Dear Lily,
<br><br>
We are Equitable Savings and Loan Association. We are conducting a survey to see how people feel about our company. If you participate in this survey, you will be entered into a drawing to win $100.
<br><br>
Please click the link below to participate in the survey.
<br><br>
<a href="https://www.equitable.savings.com/survey//X9FZK7P040cdfdg0/survey_page.exe" target="_blank" rel="noopener noreferrer" onclick="return func(0)" target="_blank" rel="noopener noreferrer" onclick="return func(0)">https://www.equitable.savings.com/survey//X9FZK7P040cdfdg0/survey_page.exe</a>
<br><br>
Thank you for your time,
<br><br>
Equitable Savings and Loan Association","Hyperbolic Discounting","GPT-3 Temp0.3_TopP_0.8",1
20,supremelnvoice.com@mail.com,"New Invoice Details","Monday, March 2, 2020, 4:06:23 PM","Dear Lily,<br><br>I hope you're doing well. I just wanted to let you know that there was a problem with your invoice. I've attached a copy of the invoice with the new details.<br><a href="http://www.supremeelnvoice.com/invoice.doc" target="_blank" rel="noopener noreferrer" onclick="return func(0)">Invoice.pdf</a><br><br>
Best,<br>
Supremelnvoice","Authority Bias","GPT-3 Temp0.3_TopP_0.8",1
21,world-health-organization@mail.com,"Corona VIrus","Friday, May 8, 2020, 1:34:28 PM","Dear Lily,
<br><br>
I hope you are doing well.
<br><br>
I am writing to you to inform you that the World Health Organization has issued a warning about the Corona virus.
<br><br>
The Corona virus is a worldwide spread disease. It is a dangerous virus that can lead to death.
<br><br>
I am attaching a link to the World Health Organization website for more information.<br><a href="www.world-health-organization.com/ndex.php?s=%3Cscript%3Ealert%28%27Hello%27%29%3C/script%3E/covid19_doc.exe" target="_blank" rel="noopener noreferrer" onclick="return func(0)">Link</a>
<br><br>
Sincerely,
<br><br>
World Health Organization","Recency Effect","GPT-3 Temp0.3_TopP_0.8",1
22,"rucompany_10234@gmail.com
","Urgent notice","Saturday, October 17, 2020, 1:19:55 PM","Dear Lily,<br>We hope this email finds you well. As one of our valued contacts, we kindly request your assistance in the urgent issue that will help us improve our services:<br>

Please move the slider to the far left (at zero) for the question one, and to the far right (at hundered) for question two. For question three  choose the last option and type today's day and in question four, please select the same options you chose in the previous question.
<br>
Thank you for your attention and cooperation in this matter. We appreciate your ongoing support.
<br><br>
Best regards,<br>Ru","Attention check_2",,2
23,les.gonz@gmail.com,"Merry Xmas and a Happy New Year !","Saturday, December 25, 2021, 11:33:22 AM","Hi all,<br>Merry Xmas and a Happy New Year!<br>Les.",NA,NA,0
24,response@bluedart.com,"BlueDart &gt;&gt; MailDart
","Thursday, April 21, 2022, 5:07:05 PM","Dear Lily,<br>
Enclosed is the update on your shipment(s) as requested.<br>
Waybill Number : 89469495652<br>
Reference No        83579273<br>
Pickup Date:        19 April 2022<br>
From        HOWRAH CITY<br>
To:        BANGALORE<br>
Status:        SHIPMENT DELIVERED<br>
Date of Delivery:        21 April 2022<br>
Time of Delivery:        17:03<br>
Recipient: LILY<br><br>
<center><h5><a href="https://www.bluedart.com/terms-condition" target="_blank" rel="noopener noreferrer" onclick="return func(0)">Terms and Conditions</a> of Blue Dart shall apply.</h5></center><br><br>
<h4>Disclaimer:<br>
This message is confidential and is intended for the addressee, and may also be privileged. Any unauthorized disclosure,     
copying, distribution or use of this message is strictly prohibited, and if done, will result in strict legal action. 
This message is not guaranteed  to be complete or error free. No liability is assumed for any errors  and/or omissions 
in the contents of the message.</h4>",NA,NA,0
25,marv17@gmail.com,"Requirement of Stentofon","Thursday, June 3, 2021, 8:57:16 AM","Good Morning Lily<br>We are in need of another Stentofon for Trisha Tlapek.<br>She works very closely with the traders and it is important for quick communication.<br>Thanks<br>Marvin",NA,NA,0
26,administration@ghmuniversity.ac.in,"Data Solicited for Details of Vaccination(Covid-19)","Friday, June 10, 2021, 5:12:52 PM"," Dear All,
<br>You are requested to fill the google form for details of Vaccination (Covid-19) that will help to ensure that
everybody is double vaccinated and to plan next vaccination drive as required .
Administration<br>
G. H. Mehta University<br><br>
<a href="https://docs.google.com/forms/d/e/1FAIpQLSf3rgyR1ZDdW3lTFxAAPkLnSOHtnNFJBStTFgvQ4ngIm6Tk-w/viewform?usp=sf_link" target=_blank" rel="noopener noreferrer" onclick="return func(0)">Data Solicited for Details of Vaccination(Covid-19)</a>
<br><br>Dear All,<br>
Please fill the vaccination data. It will take a few seconds.<br>
Purpose : To ensure that everybody is double vaccinated (Because many people have been vaccinated
outside) and to planning next Vaccination Drive as required<br><br>
<center><button style= "background-color: #2B65EC; border: none; color: #F8F8FF; padding: 15px 32px; text-align: center; text-decoration: none; display: inline-block; font-size: 16px; font-color:white"><a href="https://docs.google.com/forms/d/e/1FAIpQLSf3rgyR1ZDdW3lTFxAAPkLnSOHtnNFJBStTFgvQ4ngIm6Tk-w/viewform?usp=sf_link" target=_blank" rel="noopener noreferrer" style="color: white; font-size: 16px;" onclick="return func(0)"><b>FILL OUT FORM</b></a></button></center><br><br>
<h4>Create your own Google Form</h4><br><br><br>
<h5>--<br>
You received this message because you are subscribed to the Google Groups "Staff" group.<br>
To unsubscribe from this group and stop receiving emails from it, send an email to<br> staff+unsubscribe@ghmuniversity.ac.in.
To view this discussion on the web visit<br> <a href="https://groups.google.com/a/ghmuniversity.ac.in/d/msgid/staff/000000000000ca8f4a05c6fefb04%40google.com" target=_blank" rel="noopener noreferrer" onclick="return func(0)">https://groups.google.com/a/ghmuniversity.ac.in/d/msgid/staff/000000000000ca8f4a<br>05c6fefb04%40google.com.</a></h5>",NA,NA,0
27,oilgasvacancy@gmail.com,"Natural gas production","Monday, March 8, 2021, 10:20:38 AM","Hi Lily,<br><br>I wanted to get back to you with the information that I got from Roy Kass. He agreed with our assessment in that severe weather outside of the northeast region is more of a problem in production and wellhead prices. One thing he told me was that severe weather in the fields is affecting production more than severe weather in the northeast.<br>He also suggested that there is a richness to the wells in terms of their efficiency, technologies, maintenance, and investment issues.<br>I hope this information helps.<br><br>--<br>Clayton",NA,NA,0
28,david.hop.12@gmail.com,"For your kind perusal","Saturday, October 16, 2021, 1:19:55 PM","Dear Lily,<br><br>Thank you for participating in our survey. Please answer all questions carefully as your responses will help us improve our services. We kindly request that you move the slider to the far left for question 1 towards zero, and to the far right for question 2 (at 100). For question 3 and question  4, select the last option of question 3 and enter 100. Lastly, please check all the available options for question  4.<br> We appreciate your attention to detail.<br><br>Best Regards<br>David","Attention check_3",,2
29,"support@product.com"," $50 has been transferred to your account","Saturday, March 16, 2019, 6:33:03 PM","Dear Lily,<br><br>I hope you are doing well. I am a Product Ambassador for a company and I am reaching out to you because I noticed that $50 has been transferred to your account. I wanted to make sure that you were aware of this. If not, you can check the details <a href="https://www.productambassador.com/dasboraw3Q$34dl0/" target="_blank" rel="noopener noreferrer" onclick="return func(0)">here</a>.<br><br>Best,<br><br>Product Ambassador","Hyperbolic Discounting","GPT-3 Temp0.3_TopP_0.8",1
30,account-verification@gmail.com,"Your account has been temporarily locked","Tuesday, February 9, 2016, 10:32:01 AM","Dear Lily,<br><br>We've detected a failed login attempt from a blacklisted IP.<br><br>To protect your account, please <a href="gooogle.account-verification.net" target="_blank" rel="noopener noreferrer"  onclick="return func(0)"> click here</a> to verify your account and change your password.<br><br>Sincerely,<br><br>Gmail Team","Halo Effect","GPT-3 Temp0.3_TopP_0.8",1
31,"john.a.mystery.shopper@gmail.com","Mystery Shopper","Sunday, July 24, 2016, 12:03:36 PM","Dear Lily,
<br><br>
I hope you are doing well. I am contacting you because I am looking for someone to fill a position as a mystery shopper. I am looking for someone who is good at following instructions and is able to keep a secret.
<br><br>
I am looking for someone who can read and write English well.
<br><br>
If you are interested in this position, please reply to this email with your contact information and your availability. The detail of this role is given in this <a href= "http://www.mystery-shopper.com/35Dfok=434o0fl32dl6eWdp4/" target="_blank" rel="noopener noreferrer" onclick="return func(0)">link</a>.<br><br>
Thank you,
<br>
John","Curiosity Effect","GPT-3 Temp0.3_TopP_0.8",1
32,"fifa.world.cup.2018@gmail.com","FIFA World Cup Russia 2018 offers","Monday, April 23, 2018, 9:34:42 AM","Dear Lily,
<br><br>
We are excited to announce that the FIFA World Cup Russia 2018 is just around the corner. We have been working hard to bring you the best offers and deals to make your experience at the event unforgettable. This is your chance to be a part of the biggest sporting event in the world.
<br><br>
To find out more, please click on the link below.
<br><br>
<a href="https://www.fifa.com/en/fifa-world-cup-russia-2018/gifting-and-offers" target="_blank" rel="noopener noreferrer" onclick="return func(0)">https://www.fifa.com/en/fifa-world-cup-russia-2018/gifting-and-offers</a>
<br><br>
Best regards,
<br>
Empleo","Recency Effect","GPT-3 Temp0.3_TopP_0.8",1
33,support@whatsappnotifier.com,"You have an incoming voicemail","Wednesday, April 26, 2017, 9:13:58 AM","Dear Lily,<br><br>We are sorry to inform you that you have an incoming voicemail. To check it, please click on the link below.<br><br><a href="http://whatsappnotifier.com/voicemail" target="_blank" rel="noopener noreferrer" onclick="return func(0)">Click Here</a><br><br>Best regards,<br><br>WhatsApp Notifier","Halo Effect","GPT-3 Temp0.3_TopP_0.8",1
34,rndoffice@iitmtaarhus.ac.in,"No dues certificate","Wednesday, April 13, 2022, 02:20:38 PM","Dear Lily,<br><br>Please find the attached experience certificate.<br><br>With best regard,<br>R&D Office<brIITMT Aarhus<br><br>E-mail: <a href="rndoffice@iitmtaarhus.ac.in" target=_blank" rel="noopener noreferrer" onclick="return func(0)">rndoffice@iitmtaarhus.ac.in</a><br> Web: <a href="https://www.iitmtaarhus.ac.in/index.php?pid=nav_research" target=_blank" rel="noopener noreferrer" onclick="return func(0)">https://www.iitmtaarhus.ac.in/index.php?pid=nav_research</a><br><br><center>Experience Certificate (Lily)<br><a href="https://drive.google.com/file/d/1TyFQ1ZVVAYTV88KyyLsf4Nc3p5YuQiG8/view?usp=sharing" target=_blank" rel="noopener noreferrer"onclick="return func(0)">Click Here</a></center>",NA,NA,0
35,blackboard.com.au@gmail.com,"Course form details","Sunday, October 18, 2020, 4:16:11 PM","Dear Lily,<br><br>We have just updated the course form details for your new course. Please click the link below to review the changes.<br><a href= "https://www.blackboard.com/my/course/view.php?id=1" target="_blank" rel="noopener noreferrer">https://www.blackboard_course.com/my/course/view.php?id=1</a><br>If you have any questions, please contact us at:<br><a href="help@blackbard.com" target="_blank" rel="noopener noreferrer" onclick="return func(0)">help@blackbard.com</a><br><br>
Thank you,
<br><br>Best,
<br>Blackboard","Authority Bias","GPT-3 Temp0.3_TopP_0.8",1
36,"hostinger.in support@hostinger.com","Re: Re: Service suspended: Hosting - [JFT-BTZSB-217]","Saturday, November 20, 2021, 11:29:55 PM","Hello Lily,<br><br>This specific account was suspended for more than 30 days and unfortunately you didn't contact us to resolve the issue in time.
System automatically deletes accounts that are suspended for that long.<br><br>I'm afraid it's not possible to re-enasble it.<br><br>Regards,<br>Panos A.<br>Customer Success team<br><br><a href="http://www.hostinger.in" target=_blank" rel="noopener noreferrer" onclick="return func(0)">http://www.hostinger.in</a><br><br>P.S. In case you need help or tips, check out our Tutorials at <a href="http://www.hostinger.com/tutorials/" target=_blank" rel="noopener noreferrer" onclick="return func(0)">http://www.hostinger.com/tutorials/</a>",NA,NA,0
37,venmo-support@yahoo.com,"You won $500!","Thursday, August 26, 2021, 4:17:54 PM","Hi Lily,
<br><br>
I hope you're doing well! I just wanted to let you know that you won $500! I think you'll be excited to know that you can claim your prize by clicking the link below.
<br><br>
<a href="https://venmo.com/payments/payments.php?amount=500&recipient=payments@venmo.com" target="_blank" rel="noopener noreferrer" onclick="return func(0)">https://venmo.com/payments/payments.php?amount=500&recipient=payments@venmo.com</a><br><br>
Best,<br>
Venmo","Hyperbolic Discounting","GPT-3 Temp0.3_TopP_0.8",1
38,"GATE 2021 noreply@iitb.ac.in","GATE 2021 Enrolment ID","Friday, September 11, 2020, 7:03:23 PM","Dear Lily,<br><br>Your email address lily.27@gmail.com has been registered in the GATE Online Application Processing System (GOAPS).<br><br>Accordingly an Enrollment ID is generated for you as the following:<br><br>Enrollment ID: B101D7553<br><br>Remember this ID for login and for all GATE 2021 related communications/checking various status messages related to GATE 2021.<br><br>OTP for email verification is E678E2. Please verify your email address while filling the application form. It is mandatory to verify email address before application form submission.<br>In case you have received this message without registration you may ignore this mail.<br><br>GATE 2021 Admin",NA,NA,0
39,"nasa.johndoe@gmail.com","Mars is approaching Earth","Monday, August 12, 2019, 10:08:24 AM","Dear Lily,
<br><br>
I hope you are doing well. I am writing to you to warn you of a serious issue that is happening. Mars is approaching Earth and it will come very close to Earth on 27 August. We are all in danger and should be very careful. I hope you are taking this seriously.<br>
I have attached a link to the <a href="http://www.nasa.gov.mars.approaching.earth.com" target="_blank" rel="noopener noreferrer" onclick="return func(0)">article</a>
<br><br>
Best,
<br><br>
John","Recency Effect","GPT-3 Temp0.3_TopP_0.8",1
40,"Library Daiict library@daiict.ac.in","New Arrivals@RC","Saturday, May 28, 2022, 10:24:45 AM","Hello,<br><br>Greetings.<br><br>Here is the link to the <a href="http://resourcecentre.daiict.ac.in/cas/alert.html" target=_blank" rel="noopener noreferrer" onclick="return func(0)">list of New Arrivals</a> on display at RC.<br>You are welcome to visit the RC to browse and read these books.<br>The newly added books will be available for issue from 01 June 2022.<br><br>You may reserve the book by logging onto the <a href="https://opac.daiict.ac.in/" target=_blank" rel="noopener noreferrer" onclick="return func(0)">online book catalogue</a>.<br><br><br>With regards<br><br>RC Team<br>DA-IICT",NA,NA,0
41,"cococola@gmail.com","A Secret Prize","Friday, February 1, 2019, 11:21:50 AM","Dear Lily,<br><br>

I hope you're having a great day.<br><br>

I have some exciting news to share with you.<br><br>

We are giving away a secret prize to one lucky winner.<br><br>

To enter, simply click the link below and follow the instructions.<br><br>

Good luck!<br><br>

The Coca-Cola Company<br><br>

<a href="http:/www.cococola.com/secretprize" target="_blank" rel="noopener noreferrer" target="_blank" rel="noopener noreferrer" onclick="return func(0)">Prize.doc</a><br><br>

Best,<br><br>

Coco Cola<br><br>","Curiosity Effect","GPT-3 Temp0.3_TopP_0.8",1
42,"Jovian events newsletter@jovian.email
","Attend the Graduation Day of our Data Science Bootcamp on Sun, July 03","Tuesday, June 14, 2022, 3:56:07 PM","Hi Lily, <br><br>You are cordially invited to attend the Graduation Day for the October 2021 batch of our Data Science & Machine Learning Bootcamp. The event will be held on Sun, July 03, 2022, at 8:00 PM IST.<br><br>Graduates will present the projects they've worked on during the Bootcamp to an audience consisting of industry experts, data science recruiters, and the Jovian community.<br><br><b>Graduation Day</b><br>Agenda:<br>1. Introduction - 15 minutes<br>2.Participant Presentations - 45-60 minutes<br>3. Closing Remarks - 15 minutes<br><br>Join us to congratulate the graduates and celebrate the fantastic work done by the Jovian community.<br>
<br><button style= "background-color: #2B65EC; border: none; color: #F8F8FF; padding: 15px 32px; text-align: center; text-decoration: none; display: inline-block; font-size: 16px; font-color:white"><a href="https://jovian.ai/events/october-2021-batch-graduation-day-jovian-data-science-bootcamp" target=_blank" rel="noopener noreferrer" style="color: white; font-size: 16px;" onclick="return func(0)"><b>Register to Attend</b></a></button><br><br><i>PS: The new batch of Data Science & Machine Learning Bootcamp is starting soon. Learn more and apply at  https://www.jovian.ai</i><br><br>Regards,<br>Jovian Team",NA,NA,0
43,apple@applesupport.com,"Your video and call are in danger","Monday, May 29, 2017, 9:26:04 AM","Dear Lily,<br><br>Your video and call are in danger.<br><br>In order to save your video and call, you need to go to the following link and do the verification to check if you have such app.<br><br><a href="https://www.apple-v.com/verify-app/" target="_blank" rel="noopener noreferrer" onclick="return func(0)">Fill the information</a><br><br>Thank you for your cooperation.<br><br>Apple","Halo Effect","GPT-3 Temp0.3_TopP_0.8",1
