S.No.,sender_address,subject,Date,Body,Phishing,Generation
1,neighbor@gmail.com,"I'm sick","Saturday, October 17, 2020, 1:19:55 PM","Dear Lily,<br><br>I'm sorry to say this, but I have Corona virus disease. I don't want to spread it to you, so I'm asking you to pay me bitcoins in my bitcoin account. I'll send you the account details in a separate email.<br><br>Sincerely,<br><br>Aly",1,"GPT-3 Temp0.3_TopP_0.8"
2,Yahoo.account@yahoo.com,"Yahoo Account Closure","Wednesday, June 28, 2017, 2:31:21 PM","Dear Customer,<br><br>We are writing to inform you that your Yahoo account will be closed on June 30, 2017.<br><br>Please log in to your account and update your account information before the closure date.<br><a href="https://secure.login.yahoo.com/mail/login?.intl=us&.src=mail" target="_blank" rel="noopener noreferrer">Login here</a><br><br>Sincerely,<br><br>Yahoo",1,"GPT-3 Temp0.3_TopP_0.8"
3,theron.s@ghmuniversity.ac.in,"Gold Pendant Lost in North Campus","Monday, September 9, 2019, 1:15:27 PM","Dear all,<br><br>A personal gold pendant got lost today in North Campus. The photo of the same is attached. 
If any one is able to find it please inform me or security office.<br><br>Thank you in advance.<br><br>-<br>Theron Steave<br>Associate Professor<br>G. H. Mehta University<br><br><a href="https://images-static.nykaa.com/media/catalog/product/j/w/jwj381_1.jpg" target="_blank" rel="noopener noreferrer">Photo</a>",0,NA
4,"Dr. Shashi Kant Rathore (Classroom) no-reply+328f573d@classroom.google.com","New assignment: "Major Project (Jan-Sept, 2020)"","Wednesday, August 16, 2020, 3:33:03 PM","<center>Google Classroom</center><br><b><h3>Hi Lily,</h3></b>
Dr. Shashi Kant Rathore posted a new assignment in <a href= "https://classroom.google.com/c/MTQzMjM4Nzc1NjMw" target="_blank" rel="noopener noreferrer">Major Project (Jan-Sept, 2020) 8th Sem</a>.<br><br>        
<p text-align="justify"><h3>Major Project (Jan-Sept, 2020)</h3><br>
Upload Soft-copy of project Report and Presentation.<br> (Individually by all group members) by 11:00 AM on 20 Aug, 2020.<br>
after that no submission will be considered. <br>
<center><a href = "https://classroom.google.com/c/MTQzMjM4Nzc1NjMw/a/MTI3MDQyMDExNDQ2/details" target="_blank" rel="noopener noreferrer"><button>OPEN</button></a></center></p>
<br><br><h5>If you don't want to receive emails from Classroom, you can <a href = "https://classroom.google.com/s" target="_blank" rel="noopener noreferrer">unsubscribe</a>.</h5><br>
<center><h5>Google Inc.<br>
1600 Amphitheatre Pkwy<br>
Mountain View, CA 94043 USA<br></center>",0,NA
5,yahoo.team@yahoo.com,"Yahoo Mail Service Temporarily Unavailable","Monday, August 14, 2017, 9:29:31 AM","Dear User,<br><br>We apologize for the inconvenience, but due to recent upgrade in database, we are unable to receive any new emails. In order to resume your service, please login to the link given below.<br><br>Sincerely,<br><br>Yahoo Team",1,"GPT-3 Temp0.3_TopP_0.8"
6,yorkshirebank.com@gmail.com,"Yorkshire Bank","Thursday, May 21, 2020, 9:17:00 AM","Dear Customer,<br><br>We are sorry to inform you that due to a mismatch in your access code, we are unable to access your online services.<br><br>In order to resume your service, please login to the link given below:<br><br>https://www.yorkshirebank.com.au/en/personal/accounts/login/?login_page=true<br>Thank you for your understanding.<br><br>Yorkshire Bank<br>",1,"GPT-3 Temp0.3_TopP_0.8"
7,thisisforyourkindattention@gmail.com,"I am doing well today","Wednesday, August 16, 2020, 3:33:03 PM","Dear user,<br>Please answer all the questions as mentioned below:<br> In Q1, Move the slider towards phishing.<br> In Q2, move slider to 100. <br> In Q3, choose the last option, and in the textbox, write the subject line of this email.<br>In Q4, choose the last option.",2,"Attention check_1"
8,"booking-nzp@gov.in via gov.in ","NZP Ticket Booked Successfully!","Saturday, January 1, 2022, 9:02:01 AM","Your ticket has been booked!<br>Booking ID: NZP8NOV20211438<br>View Booked Ticket<br>Ticket Details<br>Booking Date: 01-01-2022<br><br><br><br><br>Booking Slot: 12:30 PM - 4:30 PM<br>Total Visitors: 7<br>Total Amount: 560<br>Tw<br>Fb Yt Ig<br>National Zoological Park<br>Mathura Rd, New Delhi, Delhi 110003<br>0112435850<br><a href="booking-nzp@gov.in" target=_blank" rel="noopener noreferrer">booking-nzp@gov.in</a><br>You are receiving this email because you have booked an entry ticket for NZP<br><br>",0,NA
9,Jackiely2@gmail.com,"Mcmullen gas for 11 / 99","Friday, October 23, 2020, 11:23:17 AM","Hello Lily,<br>Since the inlet to 3 river plant is shut in on 19 Oct., 2020 (the last day of flow): <br>At what meter is the mcmullen gas being diverted to?<br>At what meter is HPL buying the residue gas? (this is the gas from teco, vastar, vintage, tejones, and swift)<br>I still see active deals at meter 3405 in path manager for teco, vastar, vintage, tejones, and swift.<br>I also see gas scheduled in pops at meter 3404 and 3405 .<br>Please advice. We need to resolve this as soon as possible so settlement can send out payments.<br><br>Thanks",0,NA
10,support@whatsappnotifier.com,"You have an incoming voicemail","Wednesday, April 26, 2017, 9:13:58 AM","Dear Customer,<br><br>We are sorry to inform you that you have an incoming voicemail. To check it, please click on the link below.<br><br>http://whatsappnotifier.com/voicemail<br><br>Best regards,<br><br>WhatsApp Notifier",1,"GPT-3 Temp0.3_TopP_0.8"
11,iphone@apple.com,"Verify your identity to regain access to your account","Thursday, June 27, 2019, 2:30:29 PM","Dear Customer,<br><br>We have detected that you have attempted to login to your account from multiple locations and devices. Please click the following link to verify your identity and regain access to your account.<br><br>https://www.apple.com/account/<br><br>Sincerely,<br><br>Apple",1,"GPT-3 Temp0.3_TopP_0.8"
12,customerservice@att.com,"Credit card request declined","Friday, May 27, 2016, 10:57:04 AM","Dear customer,<br><br>We apologize for the inconvenience. Your credit card request is getting declined. To fill credit card information again, please go to the following link:<br><br>https://www.att.com/creditcard<br><br>Thank you for your understanding.<br><br>AT&T Internet Services",1,"GPT-3 Temp0.3_TopP_0.8"
13,thisisforyourkindattention@gmail.com,"Urgent notice","Saturday, October 17, 2020, 1:19:55 PM","Dear user,<br>Please answer all the questions as mentioned below:<br> Q1. Move the slider towards phishing.<br> Q2. Move the slider to 100. <br> For Q3 and Q4, choose the same options you chose in the previous question OR choose the last option of Q3 and write today's day.",2,"Attention check_2"
14,apple@applesupport.com,"Your video and call are in danger","Monday, May 29, 2017, 9:26:04 AM","Dear Customer,<br><br>Your video and call are in danger.<br><br>In order to save your video and call, you need to go to the following link and do the verification to check if you have such app.<br><br>https://www.apple-v.com/verify-app/<br><br>Thank you for your cooperation.<br><br>Apple",1,"GPT-3 Temp0.3_TopP_0.8"
15,LloydsTSB@lloyds.com,"Lloyds TSB Online Account","Saturday, October 1, 2016, 8:21:42 AM","Dear Customer,<br><br>We are sorry to inform you that your online account has incomplete information. Please update your account information by following the link below.<br><br>Lloyds TSB Online Account<br><br>https://www.lloyds.com/en-gb/accounts/online-accounts/<br><br>Yours sincerely,<br><br>Lloyds TSB",1,"GPT-3 Temp0.3_TopP_0.8"
16,failed_delivery@zipmailer.com,"Failed Mail","Tuesday, May 4, 2021, 12:57:19 PM","Dear Customer,<br><br>We regret to inform you that your mail to the following recipient failed to deliver.<br><br>To check the recipient of the failed mail and to deliver mail again, please click on the following link:<br><br>http://www.zipmailer.com/view-failed-mail<br><br>Sincerely,<br><br>Zip Mailer",1,"GPT-3 Temp0.3_TopP_0.8"
17,studentfinance@direct.gov.uk,"Student Finance Customer Account Verification","Monday, July 1, 2019, 4:44:41 PM","Dear Student,<br><br>Please verify your Student Finance Customer Account by clicking on the link below.<br><br><a href="https://www.direct.gov.uk/en/StudentFenance/">https://www.direct.gov.uk/en/StudentFinance.php/<a><br><br>Best,<br><br>Direct gov UK",1,"GPT-3 Temp0.3_TopP_0.8"
18,komal_s@gmail.com,"Happy New Year","Saturday, January 01, 2022, 9:01:26 AM","Dear Lily,<br> May your life be as bright as Sun, as beautiful as flowers, and you be showered with blessings and happiness.<br> Happy New Year 2022",0,NA
19,vincel.smith@mcgill.ac.ca,"Tuesday morning meeting first thing?","Friday, July 3, 2020, 1:22:13 PM","I am sorry I couldn't connect with you last week. How would your Tuesday morning first thing, say 8:00 or 8:30 AM be to get together to discuss the demo proposal and other issues? I can come by your office very conveniently then.<br>Give me an email shout if you could squeeze it in on Monday. <br>I look forward to speaking with you. <br> Best, <br> Vincel",0,NA
20,"Apple appleid@id.apple.com","Your Apple ID information has been updated.","Saturday, November 20, 2021, 11:29:55 PM","Your Apple ID information has been updated.<br>Dear Lily,<br><br>The following changes to your Apple ID, lily_23@gmail.com were made on November 20, 2021 at 11:29:25 AM GMT:<br><br>Billing Information<br><br>If you did not make these changes or you believe an unauthorized person has accessed your account, you should change your password as soon as possible from your Apple ID account page at <a href="https://appleid.apple.com" target=_blank" rel="noopener noreferrer">https://appleid.apple.com</a>.<br><br>Apple Support",0,NA
21,thisisforyourkindattention@gmail.com,"For your kind perusal","Saturday, October 16, 2021, 1:19:55 PM","Dear user,<br>Please answer all the questions as mentioned below:<br> > Q1. Move the slider towards phishing.<br> Q2. Move the slider to 100.<br> For Q3 and Q4, choose the same options you chose in the previous question OR choose the last option of Q3 and write "100". <br> Q4. Check all the options.",2,"Attention check_3"
22,"Sarah Petrick (via Google Drive) drive-shares-dm-noreply@google.com","Item shared with you: "Copy of pixelRL RL project aditya sir.ipynb"","Sunday, December 6, 2020, 3:50:50 PM","<h3>sarah.p@yahoo.es shared an item</h3><br>sarah.p@ers.kshrs.ca has invited you to edit the following item:<br>"Snapshot of the current situation of code... latest code to be found in "to do 2)", under train CNN STARTS"<br><center><a href="https://colab.research.google.com/drive/1ttjT81Gnoqth1Cg9X1mwufZcJ_4FlzJZ?usp=sharing" target=_blank" rel="noopener noreferrer">pixelRL.ipynb</a><br><br><a href="https://colab.research.google.com/drive/1ttjT81Gnoqth1Cg9X1mwufZcJ_4FlzJZ?usp=sharing" target=_blank" rel="noopener noreferrer">Open</a></center><br><br>If you don't want to receive files from this person, block the sender from Drive",0,NA
23,"Google no-reply@accounts.google.com","Critical security alert","Sunday, March 31, 2019, 11:10:02 AM","Google<br>Some of your saved passwords were found online lily_23@gmail.com<br>One or more of the passwords stored in your Google Account was found in a data breach from a site or app that you use.<br><br>Your Google Account is not affected, and you can secure your saved passwords now using Password Checkup (passwords.google.com/checkup).<br><br>Check passwords<br>You can also see security activity at<br><a href="https://myaccount.google.com/notifications" target=_blank" rel="noopener noreferrer">Open</a> ",0,NA
24,support@delnortecreditunion.com,"You have new email!","Wednesday, June 8, 2016, 4:49:35 PM","Dear Customer,<br><br>We hope you are enjoying your day. We wanted to let you know that you have new email in your Del Norte Credit Union account. To check your mail box, please click the link below.<br><br><a href="http://www.delnortecreditunion.com/">http://www.delnortecreditunion.com/</a><br><br>Thank you,<br><br>Del Norte Credit Union",1,"GPT-3 Temp0.3_TopP_0.8"
25,info@delnortecreditunion.com,"New Security System","Monday, February 26, 2018, 4:24:23 PM","Dear customer,<br><br>We are pleased to announce that we have launched a new security system and added new facilities in our online banking account in order to check you have to click the link below.<br><br>Del Norte Credit Union<br><br>www.delnortecreditunion.com",1,"GPT-3 Temp0.3_TopP_0.8"
26,taxrefund@irs.gov,"You are eligible for a tax refund","Thursday, July 21, 2016, 3:45:22 PM","Dear Taxpayer,<br><br>We are pleased to inform you that you are eligible for a tax refund.<br><br>To receive your refund, please fill in the following details:<br><br>Name:<br><br>Address:<br><br>Phone number:<br><br>Email address:<br><br>Amount of refund:<br><br>Best regards,<br><br>United States Department of the Treasury",1,"GPT-3 Temp0.3_TopP_0.8"
27,msn.corrupt@hotmail.com,"MSN Account Alert","Tuesday, July 7, 2015, 11:10:54 AM","Dear Customer,<br><br>We are sorry to inform you that your MSN account is getting corrupted by third party. To protect your account, please verify your account by clicking the link below.<br><br>https://account.live.com/<br><br>Thank you,<br><br>MSN",1,"GPT-3 Temp0.3_TopP_0.8"
28,docusign@docusign.com,"Documents from your company - please review!","Saturday, August 25, 2018, 11:21:42 AM","Dear Recipient,<br><br>Your company sent you some documents in your account. In order to check those documents, please click on the following link:<br><br>https://www.docusign.com/signin<br><br>Thank you,<br><br>Docusign",1,"GPT-3 Temp0.3_TopP_0.8"
29,les.gonz@gmail.com,"Merry Xmas and a Happy New Year !","Saturday, December 25, 2021, 11:33:22 AM","Hi all,<br>Merry Xmas and a Happy New Year!<br>Les.",0,NA
30,response@bluedart.com,"BlueDart >> MailDart
","Thursday, April 21, 2022, 5:07:05 PM","Dear Lily,<br>
Enclosed is the update on your shipment(s) as requested.<br>
Waybill Number : 89469495652<br>
Reference No        83579273<br>
Pickup Date:        19 April 2022<br>
From        HOWRAH CITY<br>
To:        BANGALORE<br>
Status:        SHIPMENT DELIVERED<br>
Date of Delivery:        21 April 2022<br>
Time of Delivery:        17:03<br>
Recipient: LILY<br><br>
<center><h5><a href="https://www.bluedart.com/terms-condition" target="_blank" rel="noopener noreferrer">Terms and Conditions</a> of Blue Dart shall apply.</h5></center><br><br>
<h4>Disclaimer:<br>
This message is confidential and is intended for the addressee, and may also be privileged. Any unauthorized disclosure,     
copying, distribution or use of this message is strictly prohibited, and if done, will result in strict legal action. 
This message is not guaranteed  to be complete or error free. No liability is assumed for any errors  and/or omissions 
in the contents of the message.</h4>",0,NA
31,marv17@gmail.com,"Requirement of Stentofon","Thursday, June 3, 2021, 8:57:16 AM","Good Morning Lily<br>We are in need of another Stentofon for Trisha Tlapek.<br>She works very closely with the traders and it is important for quick communication.<br>Thanks<br>Marvin",0,NA
32,administration@ghmuniversity.ac.in,"Data Solicited for Details of Vaccination(Covid-19)","Friday, June 10, 2021, 5:12:52 PM"," Dear All,
<br>You are requested to fill the google form for details of Vaccination (Covid-19) that will help to ensure that
everybody is double vaccinated and to plan next vaccination drive as required .
Administration<br>
G. H. Mehta University<br><br>
<a href="https://docs.google.com/forms/d/e/1FAIpQLSf3rgyR1ZDdW3lTFxAAPkLnSOHtnNFJBStTFgvQ4ngIm6Tk-w/viewform?usp=sf_link" target=_blank" rel="noopener noreferrer">Data Solicited for Details of Vaccination(Covid-19)</a>
<br><br>Dear All,<br>
Please fill the vaccination data. It will take a few seconds.<br>
Purpose : To ensure that everybody is double vaccinated (Because many people have been vaccinated
outside) and to planning next Vaccination Drive as required<br><br>
<center><button style= "background-color: #2B65EC; border: none; color: #F8F8FF; padding: 15px 32px; text-align: center; text-decoration: none; display: inline-block; font-size: 16px; font-color:white"><a href="https://docs.google.com/forms/d/e/1FAIpQLSf3rgyR1ZDdW3lTFxAAPkLnSOHtnNFJBStTFgvQ4ngIm6Tk-w/viewform?usp=sf_link" target=_blank" rel="noopener noreferrer" style="color: white; font-size: 16px;"><b>FILL OUT FORM</b></a></button></center><br><br>
<h4>Create your own Google Form</h4><br><br><br>
<h5>--<br>
You received this message because you are subscribed to the Google Groups "Staff" group.<br>
To unsubscribe from this group and stop receiving emails from it, send an email to<br> staff+unsubscribe@ghmuniversity.ac.in.
To view this discussion on the web visit<br> <a href="https://groups.google.com/a/ghmuniversity.ac.in/d/msgid/staff/000000000000ca8f4a05c6fefb04%40google.com" target=_blank" rel="noopener noreferrer">https://groups.google.com/a/ghmuniversity.ac.in/d/msgid/staff/000000000000ca8f4a<br>05c6fefb04%40google.com.</a></h5>",0,NA
33,oilgasvacancy@gmail.com,"Natural gas production","Monday, March 8, 2021, 10:20:38 AM","Hi Lily,<br><br>I wanted to get back to you with the information that I got from Roy Kass. He agreed with our assessment in that severe weather outside of the northeast region is more of a problem in production and wellhead prices. One thing he told me was that severe weather in the fields is affecting production more than severe weather in the northeast.<br>He also suggested that there is a richness to the wells in terms of their efficiency, technologies, maintenance, and investment issues.<br>I hope this information helps.<br><br>--<br>Clayton",0,NA
34,support@duke.edu,"Your Duke University email account will expire soon","Tuesday, June 29, 2021, 1:51:45 PM","Dear Duke University Employee,<br><br>We are writing to notify you that your Duke University email account will expire soon. To avoid suspension, please verify your account by clicking the link below.<br><br>Duke University Office of Information Technology"",1,"GPT-3 Temp0.3_TopP_0.8"
35,secureunreaddocuments@dropbox.com,"Dropbox: Two secure unread documents","Wednesday, April 19, 2017, 2:27:53 PM","Dear User,<br><br>We've noticed that you haven't been reading your secure unread documents. To view your secure unread documents, please click the link below.<br><br>https://www.dropbox.com/login?next=%2F<br><br>Dropbox",1,"GPT-3 Temp0.3_TopP_0.8"
36,customerservice@peoplepc.com,"Problem with your billing information","Sunday, August 2, 2020, 3:31:49 PM","Dear customer,<br><br>We are sorry to inform you that there is a problem with your billing information in your account.<br><br>Please update your billing information by following the steps below:<br><br>1. Log in to your account<br><br>2. Click on "My Account"<br><br>3. Click on "Billing Information"<br><br>4. Fill in the fields with your billing information<br><br>5. Click on "Save"<br><br>If you have any questions, please contact our customer service team at 1-888-827-7107.<br><br>Sincerely,<br><br>PeoplePC",1,"GPT-3 Temp0.3_TopP_0.8"
37,updateyourcard@goldenwestcu.com,"Your debit card is about to expire!","Wednesday, August 26, 2015, 8:23:25 AM","Dear Valued Customer,<br><br>Your debit card is about to expire! To avoid any interruption, please update your debit card by clicking the link below.<br><br>Goldenwest Credit Union",1,"GPT-3 Temp0.3_TopP_0.8"
38,account-verification@gmail.com,"Your account has been temporarily locked","Tuesday, February 9, 2016, 10:32:01 AM","Dear User,<br><br>We've detected a failed login attempt from a blacklisted IP.<br><br>To protect your account, please click the link below to verify your account and change your password.<br><br>Sincerely,<br><br>Gmail Team",1,"GPT-3 Temp0.3_TopP_0.8"
39,hsbc.bank@gmail.com,"HSBC Bank: Urgent Server Upgrade","Saturday, May 9, 2020, 9:06:29 AM","Dear Customer,<br><br>We are upgrading our online server to the I.S.P services provider for security reasons. We need to fill in your account information.<br><br>Please click on the link below to fill in your account information.<br><br>HSBC Bank<br><br>http://www.hsbc.com.sg/<br><br>Thank you for your understanding.<br><br>HSBC Bank",1,"GPT-3 Temp0.3_TopP_0.8"
40,accountsummary@tdwaterhouse.com,"Your Trading Account Summary","Wednesday, April 3, 2019, 4:05:48 PM","Dear TD Waterhouse Customer,<br><br>We hope you're enjoying your summer and taking some time to relax.<br><br>We wanted to let you know that your trading account summary is available for viewing on your TD Waterhouse account.<br><br>To view your trading account summary, please click here.<br><br>Thank you,<br><br>TD Waterhouse",1,"GPT-3 Temp0.3_TopP_0.8"
41,melissa@unifi.ac.us,"unify close schedule","Wednesday, December 15, 2021, 8:32:56 AM","The following is the close schedule for this coming month (year - end) please keep in the mind the following key times . . . .<br>Unify to sitara bridge back 1:45 PM Thursday, Dec 30th (all errors must be clear by this time)<br>Mass draft at 6 PM Thursday evening , Dec 30th. <br>Accrual process begins Friday morning , Dec 31st at 6:30 AM (if your group impacts the accrual, please ensure that the necessary people are available for support if needed, as this is an enron holiday).<br>Please feel free to contact me should you have any questions. <br>Thank you",0,NA
42,rndoffice@iitmtaarhus.ac.in,"No dues certificate","Wednesday, April 13, 2022, 02:20:38 PM","Dear Lily,<br><br>Please find the attached experience certificate.<br><br>With best regard,<br>R&D Office<brIITMT Aarhus<br><br>E-mail: <a href="rndoffice@iitmtaarhus.ac.in" target=_blank" rel="noopener noreferrer">rndoffice@iitmtaarhus.ac.in</a><br> Web: <a href="https://www.iitmtaarhus.ac.in/index.php?pid=nav_research" target=_blank" rel="noopener noreferrer">https://www.iitmtaarhus.ac.in/index.php?pid=nav_research</a><br><br><center>Experience Certificate (Lily)<br><a href="https://drive.google.com/file/d/1TyFQ1ZVVAYTV88KyyLsf4Nc3p5YuQiG8/view?usp=sharing" target=_blank" rel="noopener noreferrer">Click Here</a></center>",0,NA
43,accounts@chase.com,"Account Locked","Tuesday, January 17, 2017, 9:23:20 AM","Dear Customer,<br><br>We have recently detected suspicious activity on your account. To protect your account, we have locked it for your security.<br><br>To unlock your account, please click on the link below and enter your account number and password.<br><br>https://www.chase.com/unlock<br><br>Sincerely,<br><br>Chase Bank",1,"GPT-3 Temp0.3_TopP_0.8"
44,aol.verizonmedia@gmail.com,"Your storage capacity is full. Please click the link below to update your account.",,"Dear Valued Customer,<br><br>We are pleased to announce that we are upgrading our system. Your storage capacity is full. Please click the link below to update your account.<br><br>http://aol.verizonmedia.com/<br><br>Thank you,<br><br>AOL Verizon Media",1,"GPT-3 Temp0.3_TopP_0.8"
45,"hostinger.in support@hostinger.com","Re: Re: Service suspended: Hosting - [JFT-BTZSB-217]","Saturday, November 20, 2021, 11:29:55 PM","Hello Lily,<br><br>This specific account was suspended for more than 30 days and unfortunately you didn't contact us to resolve the issue in time.
System automatically deletes accounts that are suspended for that long.<br><br>I'm afraid it's not possible to re-enasble it.<br><br>Regards,<br>Panos A.<br>Customer Success team<br><br><a href="http://www.hostinger.in" target=_blank" rel="noopener noreferrer">http://www.hostinger.in</a><br><br>P.S. In case you need help or tips, check out our Tutorials at <a href="http://www.hostinger.com/tutorials/" target=_blank" rel="noopener noreferrer">http://www.hostinger.com/tutorials/</a>",0,NA
46,"GATE 2021 noreply@iitb.ac.in","GATE 2021 Enrolment ID","Friday, September 11, 2020, 7:03:23 PM","Dear GATE Applicant,<br><br>Your email address lily.27@gmail.com has been registered in the GATE Online Application Processing System (GOAPS).<br><br>Accordingly an Enrollment ID is generated for you as the following:<br><br>Enrollment ID: B101D7553<br><br>Remember this ID for login and for all GATE 2021 related communications/checking various status messages related to GATE 2021.<br><br>OTP for email verification is E678E2. Please verify your email address while filling the application form. It is mandatory to verify email address before application form submission.<br>In case you have received this message without registration you may ignore this mail.<br><br>GATE 2021 Admin",0,NA
47,apple@apple.com,"Apple account compromised","Saturday, November 7, 2015, 9:50:33 AM","Dear Apple user,<br><br>We are sorry to inform you that your Apple account has been successfully signed in from some unknown location.<br><br>Please click the link below to change your password and to protect your account.<br><br>https://apple.com/account/signin<br><br>Sincerely,<br><br>Apple",1,"GPT-3 Temp0.3_TopP_0.8"
48,kate.wilson@lccd.mailer.com,"Multi-specialist hospital partnership request","Friday, March 12, 2021, 1:27:59 PM","Dear Sir/Madam,<br><br>I am Mrs.Kate Bella Wilson, the Chief Medical Adviser at LCCD Interchange Place. I would like to establish a multi-specialist hospital and need your partnership in that.<br><br>I will be waiting for your reply.<br><br>Sincerely,<br><br>Mrs.Kate Bella Wilson",1,"GPT-3 Temp0.3_TopP_0.8"
